pdb_id,position,wild_type,mutant,pH,ddG
1A23A,33,C,S,7.5,1.1
1A23A,30,C,S,7.5,1.8
1A23A,32,H,L,7,-4.95
1A23A,32,H,Y,7,-4.63
1A23A,32,H,S,7,-4.4
1A43A,218,C,S,7.3,2.55
1A43A,156,G,A,7.3,1.9
1A43A,159,E,D,7.3,3.5
1A43A,167,R,A,7.3,3.05
1A43A,184,W,A,7.3,0.7
1A5EA,121,L,R,8.5,-0.66
1A5EA,37,L,S,8.5,-0.71
1A5EA,15,W,D,8.5,-0.17
1AARA,27,K,Q,5,1.91
1AARA,45,F,W,5,-0.46
1AARA,29,K,N,5,1.48
1AARA,29,K,Q,5,1.67
1AARA,68,H,E,5,-0.76
1AARA,68,H,Q,5,-0.55
1AARA,42,R,E,5,-1.63
1AARA,6,K,E,5,-0.53
1AARA,6,K,Q,5,-0.26
1AARA,72,R,Q,5,0.33
1AG2A,210,V,I,7,0.26
1AG2A,183,T,A,7,4.62
1AG2A,198,F,S,7,2.46
1AG2A,217,Q,R,7,2.13
1AG2A,180,V,I,7,0.5
1AG2A,190,T,V,7,0.17
1AG2A,129,M,V,7,0.33
1AG2A,208,R,H,7,1.44
1AG2A,200,E,K,7,0.14
1AJ3A,91,F,L,7,-0.5
1AJ3A,16,M,A,7,2.2
1AJ3A,91,F,A,7,2.8
1AJ3A,23,I,V,7,1.6
1AJ3A,23,I,A,7,3.65
1AJ3A,63,I,V,7,0.6
1AJ3A,63,I,A,7,2.8
1AJ3A,26,K,A,7,0
1AJ3A,25,E,G,7,1.1
1AJ3A,52,L,A,7,2.8
1AJ3A,102,A,G,7,2.6
1AJ3A,88,L,A,7,2.8
1AJ3A,95,W,F,7,2.1
1AJ3A,59,H,A,7,2.3
1AJ3A,98,L,A,7,3.8
1AJ3A,66,V,A,7,2.3
1AJ3A,44,N,A,7,-0.2
1AJ3A,44,N,G,7,0.4
1AJ3A,12,F,L,7,1.3
1AJ3A,12,F,A,7,3.7
1AJ3A,84,I,V,7,0.6
1AJ3A,84,I,A,7,2
1AJ3A,49,H,A,7,1.4
1AJ3A,30,V,A,7,0.2
1AJ3A,56,L,A,7,3.8
1AJ3A,17,D,A,7,0.2
1AJ3A,17,D,G,7,1.2
1AJ3A,73,L,A,7,2.4
1AJ3A,21,S,A,7,-0.5
1AJ3A,21,S,G,7,0.5
1AJ3A,89,A,G,7,1.1
1AJ3A,93,D,A,7,-0.7
1AJ3A,93,D,G,7,0.3
1AJ3A,40,T,A,7,-0.3
1AJ3A,40,T,G,7,0.1
1AJ3A,58,A,G,7,1.1
1AJ3A,104,A,G,7,1.8
1AJ3A,54,A,G,7,1.1
1AJ3A,47,K,A,7,-0.4
1AJ3A,47,K,G,7,0.5
1AJ3A,22,W,F,7.5,1.11
1AJ3A,68,D,A,7,0.1
1AJ3A,68,D,G,7,1.3
1AJ3A,25,E,A,7,-0.1
1AJ3A,45,L,A,7,0.2
1AJ3A,64,Q,A,7,0.7
1AJ3A,64,Q,G,7,1.8
1AJ3A,61,P,A,7,-0.4
1AJ3A,42,V,A,7,0.4
1AJ3A,51,R,A,7,-0.3
1AJ3A,51,R,G,7,0.6
1AJ3A,100,Q,A,7,-0.4
1AJ3A,100,Q,G,7,0.7
1AJ3A,72,K,A,7,0.1
1AJ3A,72,K,G,7,1.4
1AJ3A,96,K,A,7,0.4
1AJ3A,96,K,G,7,1.3
1AJ3A,105,R,A,7,0
1AJ3A,14,R,A,7,0.3
1AJ3A,14,R,G,7,1.9
1AJ3A,86,Q,A,7,0
1AJ3A,86,Q,G,7,1.3
1AJ3A,10,H,A,7,-0.5
1AJ3A,10,H,G,7,0.5
1AJ3A,107,Q,A,7,-0.5
1AJ3A,107,Q,G,7,1.3
1AJ3A,107,Q,L,7,1.4
1AKKA,94,L,I,7,-0.2
1AKKA,94,L,V,4.5,0.97
1AKKA,94,L,A,7,3.5
1AKKA,33,H,N,5,-1
1AM7A,48,H,N,7,5
1AM7A,31,H,D,7,1.6
1AMQA,401,C,A,7.5,-3.2
1AMQA,270,C,A,7.5,2.5
1AMQA,192,C,A,7.5,1.6
1AMQA,82,C,A,7.5,1.3
1AMQA,191,C,S,7.5,1.8
1AMQA,191,C,A,7.5,2.2
1AMQA,297,N,R,7.5,5.15
1AMQA,265,E,Q,7.5,5.85
1AMQA,265,E,K,7.5,7.35
1AMQA,15,D,A,7.5,5.6
1AMQA,266,R,M,7.5,3.6
1AMQA,266,R,K,7.5,6.3
1AMQA,294,N,D,7.5,-0.4
1AMQA,294,N,R,7.5,2.6
1AMQA,9,I,A,7.5,5
1AMQA,10,T,A,7.5,1.3
1AMQA,6,F,A,7.5,7.35
1AMQA,7,E,A,7.5,3.4
1AMQA,68,K,E,7.5,4.85
1AMQA,68,K,M,7.5,5.05
1ANKA,86,F,L,7.2,0.8
1ANKA,85,G,V,7.2,2.4
1ANKA,84,D,H,7.2,1.4
1ANKA,88,R,G,7.4,0.2
1AONO,3,I,C,7.8,0.4
1AONO,3,I,W,7.8,0.4
1AONO,95,V,C,7.8,0.3
1APSA,39,V,A,5.5,1.63
1APSA,30,A,G,5.5,1.65
1APSA,47,V,A,5.5,1.86
1APSA,51,V,A,5.5,1.89
1APSA,13,V,A,5.5,2.63
1APSA,61,M,A,5.5,3.97
1APSA,65,L,V,5.5,5.35
1APSA,94,F,L,5.5,4.33
1APSA,17,V,A,5.5,1.84
1APSA,22,F,L,5.5,1.29
1APSA,11,Y,F,5.5,-0.43
1APSA,11,Y,I,5.5,2.22
1APSA,36,V,A,5.5,2.53
1APSA,29,E,D,5.5,3.47
1APSA,20,V,A,5.5,0.29
1APSA,64,W,A,5.5,1.51
1APSA,78,T,S,5.5,1.41
1APSA,42,T,A,5.5,1.84
1APSA,75,I,V,5.5,1.41
1APSA,54,P,A,5.5,0.45
1APSA,86,I,V,5.5,1.77
1APSA,45,G,A,5.5,1.72
1APSA,38,W,F,5.5,0.02
1APSA,83,E,D,5.5,1.51
1APSA,89,L,A,5.5,1.67
1APSA,25,Y,A,5.5,0.24
1APSA,71,P,A,5.5,1.6
1ARRA,25,V,A,7.5,0.4
1ARRA,51,I,A,7.5,1.9
1ARRA,44,S,A,7.5,0.3
1ARRA,12,L,A,7.5,2.7
1ARRA,19,L,Q,7.5,1.8
1ARRA,19,L,A,7.5,1.9
1ARRA,14,W,A,7.5,4
1ARRA,18,V,A,7.5,0.5
1ARRA,40,R,A,7.5,4.6
1ARRA,29,N,A,7.5,0.46
1ARRA,34,N,A,7.5,0
1ARRA,33,V,A,7.5,2.1
1ARRA,52,G,A,7.5,-0.2
1ARRA,34,N,G,7.5,-0.64
1ARRA,3,G,A,7.5,-0.3
1ARRA,10,F,A,7.5,2.7
1ARRA,11,N,A,7.5,-0.5
1ARRA,39,Q,G,7.5,1.22
1ARRA,35,S,A,7.5,-0.2
1ARRA,39,Q,A,7.5,-0.1
1ARRA,8,P,A,7.5,-2.9
1ARRA,8,P,L,7.5,-2.49
1ARRA,43,E,A,7.5,0.3
1ARRA,15,P,A,7.5,1.9
1ARRA,49,G,A,7.5,2
1ARRA,38,Y,A,7.5,3.8
1ARRA,20,D,A,7.5,0.8
1ARRA,35,S,G,7.5,0.46
1ARRA,20,D,G,7.5,2.79
1ARRA,5,S,A,7.5,-0.1
1ARRA,42,M,A,7.5,3.6
1ARRA,30,G,A,7.5,2.5
1ARRA,32,S,A,7.5,3.8
1ARRA,21,L,A,7.5,3.4
1ARRA,7,M,A,7.5,0.6
1ARRA,1,M,A,7.5,0.1
1ARRA,31,R,A,7.5,3.4
1ARRA,48,E,A,7.5,1.12
1ARRA,28,E,A,7.5,0.5
1ARRA,13,R,A,7.5,0.6
1ARRA,23,R,A,7.5,1.1
1ARRA,17,E,G,7.5,1.19
1ARRA,28,E,G,7.5,1.69
1ARRA,24,K,A,7.5,0.6
1ARRA,24,K,T,7.5,1.2
1ARRA,48,E,G,7.5,2.59
1ARRA,13,R,G,7.5,-0.36
1ARRA,23,R,G,7.5,2.14
1ARRA,47,K,A,7.5,1.8
1ARRA,50,R,A,7.5,1.9
1ARRA,16,R,A,7.5,-0.2
1ARRA,27,E,G,7.5,0.75
1ARRA,16,R,G,7.5,1.55
1ARRA,17,E,A,7.5,0.5
1ARRA,9,Q,G,7.5,-0.68
1ARRA,9,Q,A,7.5,0.1
1ARRA,27,E,A,7.5,-0.4
1ARRA,6,K,A,7.5,-0.4
1ARRA,24,K,G,7.5,2.45
1ARRA,47,K,G,7.5,1.16
1ARRA,2,K,A,7.5,-0.1
1ARRA,4,M,A,7.5,-0.2
1ARRA,46,K,G,7.5,1.6
1ARRA,46,K,A,7.5,0
1AV1A,141,L,R,7.4,0.65
1AXBA,77,C,S,7,3.36
1AYFA,56,H,R,8.5,1.16
1AYFA,56,H,T,8.5,1.19
1AYFA,56,H,Q,8.5,1.66
1AYFA,54,T,S,8.5,-0.05
1AYFA,54,T,A,8.5,1.31
1AYFA,95,C,S,8.5,-0.96
1AYFA,76,D,E,8.5,-0.45
1AYFA,82,Y,F,8.5,0.01
1AYFA,82,Y,W,8.5,0.21
1AYFA,82,Y,S,8.5,0.33
1AYFA,82,Y,L,8.5,0.36
1AZPA,30,V,I,7,-0.7
1B0OA,19,W,Y,7.1,6.91
1B26A,190,R,A,7,0.36
1B26A,193,K,A,7,-0.5
1B26A,231,E,A,7,0.47
1B5MA,81,P,A,7.2,1.1
1B5MA,60,D,R,7.2,-0.24
1BLCA,179,D,N,6.5,0.43
1BNIA,88,I,L,6.3,0.16
1BNIA,89,L,V,6.3,0.28
1BNIA,76,I,V,6.3,0.87
1BNIA,96,I,V,5.98,0.97
1BNIA,88,I,V,6.06,1.41
1BNIA,76,I,A,6.3,1.69
1BNIA,10,V,T,6.3,2.39
1BNIA,76,I,T,6.3,2.69
1BNIA,89,L,T,6.3,2.89
1BNIA,96,I,A,6.3,3.38
1BNIA,10,V,A,6.3,3.48
1BNIA,88,I,A,6.3,4.15
1BNIA,14,L,A,6.3,4.51
1BNIA,96,I,G,6.3,5.7
1BNIA,89,L,G,6.3,7
1BNIA,88,I,G,6.3,7.4
1BNIA,51,I,V,5.92,1.68
1BNIA,51,I,A,6.3,4.71
1BNIA,75,D,N,6.3,4.9
1BNIA,91,S,A,5.83,1.84
1BNIA,52,G,A,6.3,5.3
1BNIA,52,G,V,6.3,8.4
1BNIA,99,T,V,6.3,2.87
1BNIA,78,Y,F,6.3,1.35
1BNIA,73,E,F,6.3,2.1
1BNIA,73,E,W,6.3,2.2
1BNIA,73,E,A,6.3,2.4
1BNIA,73,E,Q,6.3,2.7
1BNIA,73,E,G,6.3,5.4
1BNIA,5,N,A,6.3,1.85
1BNIA,23,N,A,6.3,2.29
1BNIA,24,Y,F,6.3,-0.05
1BNIA,53,G,A,6.3,3.4
1BNIA,53,G,V,6.3,7.8
1BNIA,25,I,V,6.3,1.06
1BNIA,25,I,A,6.3,3.59
1BNIA,58,N,D,6.3,-0.4
1BNIA,58,N,A,6.4,2.18
1BNIA,41,N,D,6.3,2.54
1BNIA,85,S,A,6.3,-0.08
1BNIA,54,D,N,5.99,2.42
1BNIA,54,D,A,6.3,3.05
1BNIA,7,F,L,6.15,4.35
1BNIA,97,Y,G,6.3,6.6
1BNIA,69,R,M,5.35,2.42
1BNIA,69,R,S,6.3,2.72
1BNIA,69,R,K,6.3,3.13
1BNIA,34,G,R,6.3,2.61
1BNIA,34,G,H,6.48,2.66
1BNIA,34,G,N,6.3,2.73
1BNIA,34,G,A,6.3,2.91
1BNIA,34,G,K,6.3,2.91
1BNIA,34,G,S,6.3,3.05
1BNIA,34,G,T,6.3,3.29
1BNIA,34,G,D,6.3,3.3
1BNIA,13,Y,F,6.3,0.52
1BNIA,13,Y,A,6.3,3.52
1BNIA,13,Y,G,6.3,6.4
1BNIA,26,T,D,6.3,0.04
1BNIA,26,T,E,6.3,0.05
1BNIA,26,T,S,6.3,0.56
1BNIA,26,T,N,6.3,1.29
1BNIA,26,T,G,5.92,1.48
1BNIA,26,T,Q,6.3,1.72
1BNIA,26,T,A,6.3,1.95
1BNIA,26,T,V,6.3,2.31
1BNIA,45,V,A,6.3,1.63
1BNIA,45,V,T,6.3,2.35
1BNIA,109,I,V,6.3,0.8
1BNIA,109,I,A,6.3,1.75
1BNIA,95,L,G,6.3,4.7
1BNIA,84,N,A,6.3,1.96
1BNIA,92,S,A,5.92,2.88
1BNIA,103,Y,F,6.3,0.06
1BNIA,65,G,S,6.3,-0.74
1BNIA,4,I,V,6.3,0.69
1BNIA,4,I,A,6.3,1.12
1BNIA,83,R,Q,5.35,1.86
1BNIA,83,R,K,6.3,4.13
1BNIA,27,K,A,6.3,-0.45
1BNIA,27,K,G,6.3,0.28
1BNIA,93,D,N,6.3,4.11
1BNIA,15,Q,I,6.3,-1.19
1BNIA,15,Q,A,6.3,0.2
1BNIA,15,Q,G,6.3,1.6
1BNIA,100,T,G,6.3,2.8
1BNIA,94,W,F,7.4,0.85
1BNIA,94,W,L,7.7,1.06
1BNIA,94,W,Y,7.4,1.14
1BNIA,77,N,A,6.3,1.65
1BNIA,110,R,A,6.3,0.31
1BNIA,36,V,T,6.3,1.11
1BNIA,36,V,A,6.3,1.4
1BNIA,19,K,R,6.3,-0.54
1BNIA,6,T,D,6.3,-0.11
1BNIA,6,T,S,6.3,0.22
1BNIA,6,T,E,6.3,0.27
1BNIA,6,T,G,6.3,1.09
1BNIA,6,T,N,6.3,1.27
1BNIA,6,T,Q,6.3,1.87
1BNIA,6,T,H,6.65,2.06
1BNIA,6,T,A,6.3,2.21
1BNIA,6,T,P,6.3,3.19
1BNIA,12,D,A,6.3,-0.04
1BNIA,12,D,S,6.3,0.78
1BNIA,12,D,G,5.83,0.87
1BNIA,28,S,A,6.3,-0.51
1BNIA,28,S,E,6.3,-0.51
1BNIA,28,S,G,6.3,0.48
1BNIA,57,S,A,6.3,-0.15
1BNIA,72,R,G,6.3,2.5
1BNIA,29,E,Q,6.3,0.11
1BNIA,29,E,S,6.3,1.22
1BNIA,29,E,A,6.3,1.27
1BNIA,29,E,G,6.3,1.92
1BNIA,105,T,V,6.3,2.21
1BNIA,62,K,R,6.3,0.35
1BNIA,8,D,S,6.3,0.84
1BNIA,8,D,A,5.92,0.9
1BNIA,8,D,G,6.3,1.24
1BNIA,104,Q,A,6.3,0.13
1BNIA,32,A,L,6.3,0.11
1BNIA,32,A,K,6.3,0.15
1BNIA,32,A,R,6.3,0.15
1BNIA,32,A,M,6.3,0.19
1BNIA,32,A,E,6.3,0.24
1BNIA,32,A,S,6.3,0.28
1BNIA,32,A,Q,6.3,0.43
1BNIA,32,A,N,6.3,0.52
1BNIA,32,A,D,6.3,0.56
1BNIA,32,A,F,6.3,0.57
1BNIA,32,A,V,6.3,0.62
1BNIA,32,A,T,6.3,0.65
1BNIA,32,A,I,6.3,0.74
1BNIA,32,A,Y,6.3,0.75
1BNIA,32,A,H,6.3,0.75
1BNIA,32,A,G,6.3,0.82
1BNIA,32,A,W,6.3,1.07
1BNIA,32,A,C,6.3,1.43
1BNIA,32,A,P,6.3,4.11
1BNIA,33,L,Q,6.3,1.34
1BNIA,55,I,V,6.3,0.37
1BNIA,55,I,T,6.3,0.95
1BNIA,55,I,A,6.3,1.29
1BNIA,55,I,G,6.3,3.1
1BNIA,31,Q,S,6.3,0
1BNIA,31,Q,A,6.3,0.04
1BNIA,31,Q,G,6.3,1.04
1BNIA,18,H,G,6.93,0.51
1BNIA,18,H,K,6.3,1.05
1BNIA,18,H,R,6.3,1.09
1BNIA,18,H,Q,6.3,1.52
1BNIA,18,H,N,6.3,1.74
1BNIA,18,H,A,6.3,1.97
1BNIA,18,H,S,6.3,2.19
1BNIA,18,H,D,6.3,2.38
1BNIA,16,T,R,6.06,-0.24
1BNIA,16,T,A,6.3,0.39
1BNIA,16,T,G,6.3,1.48
1BNIA,16,T,S,6.3,1.66
1BNIA,102,H,A,6.3,0.24
1BNIA,79,T,V,6.3,-0.24
1BNIA,44,D,E,6.3,0.11
1BNIA,108,K,R,6.3,-0.84
1BNIA,17,Y,F,6.3,0.44
1BNIA,17,Y,A,6.3,2.14
1BNIA,17,Y,S,6.3,2.29
1BNIA,17,Y,G,6.3,4.31
1BNIA,66,K,A,6.3,-0.59
1BNIA,22,D,M,4.4,0.27
1BNIA,59,R,A,6.3,-0.64
1BNLA,76,D,A,7.4,3.88
1BOYA,200,R,W,7.5,-0.6
1BP2A,106,F,I,8,-1.9
1BP2A,106,F,Y,8,-0.6
1BP2A,106,F,A,8,0.9
1BP2A,48,H,Q,8,0.6
1BP2A,48,H,N,8,3
1BP2A,48,H,A,8,3.1
1BP2A,22,F,I,8,-2.7
1BP2A,22,F,Y,8,-1.5
1BP2A,22,F,A,8,-0.5
1BPIA,36,G,A,7,2.1
1BPIA,36,G,S,4.6,0.7
1BPIA,36,G,D,8.7,2.8
1BPIA,43,N,G,2,5.7
1BPIA,23,Y,A,2,5.94
1BPIA,45,F,A,2,6.86
1BPIA,22,F,A,3.67,1.68
1BPIA,35,Y,F,8.7,0.6
1BPIA,35,Y,A,7.85,2.65
1BPIA,35,Y,L,8.7,3.7
1BPIA,35,Y,N,8.7,3.7
1BPIA,35,Y,D,8.7,3.8
1BPIA,35,Y,G,4.23,5
1BPIA,12,G,A,7,1.8
1BPIA,56,G,A,7,0.2
1BPIA,12,G,V,8.7,4.1
1BPIA,12,G,D,8.7,4.3
1BPIA,44,N,G,2,4.7
1BPIA,44,N,A,7,3.3
1BPIA,4,F,A,7,3
1BPIA,33,F,L,8.7,1.3
1BPIA,33,F,I,8.7,2.4
1BPIA,21,Y,A,2,3.9
1BPIA,37,G,D,8.7,1.7
1BPIA,37,G,A,4.93,2.67
1BPIA,24,N,A,7,2.2
1BPIA,20,R,A,7,1.8
1BPIA,47,S,A,7,1.6
1BPIA,28,G,A,7,1
1BPIA,57,G,A,7,0.2
1BPIA,7,E,A,7,1.5
1BPIA,9,P,A,7,0.8
1BPIA,54,T,A,7,0.1
1BPIA,50,D,A,7,0.4
1BPIA,16,A,V,8.7,1.3
1BPIA,16,A,T,8.7,1.7
1BPIA,34,V,A,7,1.2
1BPIA,31,Q,A,7,1
1BPIA,11,T,A,7,0
1BPIA,2,P,A,7,1.3
1BPIA,18,I,A,7,1.5
1BPIA,10,Y,A,7,1.2
1BPIA,32,T,A,7,0.1
1BPIA,13,P,A,7.85,1.37
1BPIA,13,P,S,8.7,1.4
1BPIA,41,K,A,7,0.4
1BPIA,19,I,A,7,2.1
1BPIA,8,P,A,7,0.3
1BPIA,29,L,A,7,0
1BPIA,6,L,A,7,0.6
1BPIA,3,D,A,7,-0.2
1BPIA,49,E,A,7,0.2
1BPIA,52,M,A,7,1.7
1BPIA,1,R,A,7,0.5
1BPIA,42,R,A,7,0.5
1BPIA,46,K,A,7,-0.1
1BPIA,53,R,A,7,0.1
1BPIA,39,R,A,7,0
1BPIA,15,K,A,7,0.4
1BPIA,17,R,A,7,0.3
1BPIA,26,K,A,7,0
1BTAA,16,L,V,8,-1.1
1BTAA,5,I,V,8,-1
1BTAA,51,L,V,8,-0.6
1BTAA,40,C,A,7,-0.1
1BTAA,82,C,A,7.2,0.1
1BTAA,34,L,V,8,-1.1
1BTAA,60,K,L,8,-0.6
1BTAA,60,K,E,8,1.1
1BTAA,21,K,A,8,1
1BTAA,21,K,Q,8,1.03
1BTAA,78,K,Q,8,-0.33
1BTAA,78,K,A,8,0.03
1BTAA,57,E,K,8,0.73
1BTAA,75,R,L,8,-0.7
1BTAA,75,R,Q,8,0.37
1BTAA,22,K,Q,8,0.9
1BVCA,130,A,L,7.7,0.9
1BVCA,130,A,K,7.7,2.1
1BVCA,131,M,A,7.8,2.2
1BVCA,142,I,M,11,-0.9
1BVCA,142,I,L,11,-0.6
1BVCA,142,I,V,11,0.1
1BVCA,115,L,A,4.6,1
1BVCA,142,I,A,10.3,1.58
1BVCA,123,F,A,4.6,0.3
1BVCA,123,F,K,7.8,2.1
1BVCA,123,F,T,7.5,3.5
1BVCA,69,L,M,11,0
1BVCA,69,L,I,11,0
1BVCA,69,L,V,11,0.1
1BVCA,135,L,A,4.6,0.8
1BVCA,69,L,A,11,1.2
1BVCA,29,L,A,7.03,0.76
1BVCA,28,I,A,7.03,1.22
1BVCA,28,I,V,11,0
1BVCA,28,I,L,11,0.6
1BVCA,28,I,M,11,0.6
1BVCA,24,H,V,7,0.52
1BVCA,135,L,M,11,0.8
1BVCA,135,L,I,11,1.5
1BVCA,135,L,V,11,2.2
1BVCA,14,W,F,7.8,1.1
1BVCA,13,V,A,5.6,0.56
1BVCA,29,L,M,11,-0.1
1BVCA,29,L,I,11,1.1
1BVCA,29,L,V,11,1.7
1BVCA,111,I,L,11,0.6
1BVCA,111,I,M,11,1.1
1BVCA,111,I,A,11,1.8
1BVCA,82,H,Q,7,0.05
1BVCA,49,L,I,11,0.8
1BVCA,30,I,A,5.05,1.04
1BVCA,32,L,A,5.05,1.22
1BVCA,114,V,A,9.6,1.4
1BVCA,23,G,A,9.6,1.1
1BVCA,7,W,F,7.8,0.95
1BVCA,119,H,F,7,0.68
1BVCA,129,G,A,9.6,-1.1
1BVCA,68,V,T,7.8,0.6
1BVCA,11,L,A,5.6,0.42
1BVCA,93,H,G,7,-0.04
1BVCA,106,F,A,4.6,0.2
1BVCA,137,L,A,5.6,1.4
1BVCA,36,H,Q,7.53,0.8
1BVCA,64,H,Q,7,0.45
1BVCA,60,D,A,4,0.13
1BVCA,144,A,L,4.6,-0.1
1BVCA,9,L,A,9.6,0.4
1BVCA,66,V,A,9.6,-0.8
1BVCA,149,L,A,9.6,1.6
1BVCA,51,T,A,9.6,1.4
1BVCA,15,A,L,4.6,-0.2
1BVCA,97,H,Q,7,0.11
1BVCA,113,H,Q,7,0.26
1BVCA,88,P,A,9.6,-0.6
1BVCA,117,S,A,9.6,0.3
1BVCA,18,E,A,4,0.6
1BVCA,8,Q,A,4.2,-0.98
1BVCA,8,Q,G,4.2,0.57
1BVCA,116,H,A,9.6,-0.2
1BVCA,125,A,L,4.6,-0.4
1BVCA,67,T,A,9.6,0.3
1BVCA,109,E,A,4.2,-0.27
1BVCA,109,E,G,4.2,0.93
1BVCA,77,K,A,4,0.04
1BVCA,44,D,A,4,0.18
1BVCA,56,K,A,4,0.23
1BVCA,4,E,A,4,0.63
1BVCA,140,K,A,4.2,-0.48
1BVCA,48,H,Q,7,0.62
1C2RA,34,G,S,7.5,2.2
1C2RA,75,Y,F,7.5,1
1C2RA,75,Y,C,7.5,1.53
1C2RA,35,P,A,7.5,2
1C2RA,12,K,D,7.5,1.2
1C2RA,14,K,E,7.5,1.1
1C2RA,32,K,E,7.5,-0.3
1C5GA,350,E,P,6.6,-0.3
1C5GA,350,E,R,6.6,0.3
1C9OA,31,T,S,7,-0.15
1C9OA,23,G,Q,7,0.24
1C9OA,50,E,W,7,-0.3
1C9OA,50,E,K,7,0.33
1C9OA,46,E,A,7,0.11
1C9OA,46,E,K,7,0.43
1C9OA,64,V,T,7,0.24
1C9OA,29,H,E,7,0.51
1C9OA,15,Y,F,7,0.01
1C9OA,2,Q,L,7,-0.42
1C9OA,11,N,S,7,-0.22
1C9OA,24,S,D,7,-0.18
1C9OA,53,Q,E,7,0.03
1C9OA,66,L,A,7,0.04
1C9OA,66,L,E,7,1.17
1C9OA,36,E,K,7,0.13
1C9OA,55,N,K,7,0
1C9OA,21,E,A,7,0.29
1C9OA,3,R,K,7,0.17
1C9OA,3,R,L,7,0.27
1C9OA,3,R,A,7,1.47
1C9OA,3,R,E,7,1.67
1C9OA,38,F,W,7,-0.1
1C9OA,21,E,K,7,0.18
1C9OA,12,E,K,7,0.27
1C9OA,56,R,E,7,-0.51
1CAHA,107,H,Y,7.5,-12.2
1CAHA,107,H,A,7.5,-11.5
1CAHA,107,H,F,7.5,-10
1CAHA,107,H,N,7.5,-8.2
1CAHA,117,E,A,7.5,-5.5
1CAHA,16,W,F,7.5,5.5
1CAHA,206,C,S,7.5,0.6
1CAHA,5,W,F,7.5,1.8
1CEYA,12,D,A,7,-2.5
1CEYA,57,D,A,7,-3.3
1CEYA,101,A,G,8,1
1CEYA,113,A,G,8,0.8
1CEYA,90,A,G,8,-0.5
1CEYA,88,A,G,8,-0.1
1CEYA,99,A,G,8,0.5
1CEYA,13,D,A,7,-2.7
1CEYA,74,A,G,8,0.3
1CEYA,48,A,G,8,-0.2
1CEYA,114,A,G,8,0.5
1CEYA,14,F,N,7.5,-2.9
1CEYA,80,A,G,8,-0.6
1CEYA,77,A,G,8,0.3
1CHKA,101,W,F,7,3.36
1CHKA,227,W,F,7,2.26
1CHKA,28,W,F,7,3.25
1CLWA,323,G,D,7.4,0.4
1CLWA,235,T,I,7.4,1.6
1CLWA,177,G,R,7.4,2.1
1CLWA,309,E,V,7.4,2.3
1CLWA,244,G,R,7.4,4
1CLWA,382,R,S,7.4,17.4
1CLWA,285,R,K,7.4,10.3
1CSPA,20,V,Q,7.5,1.9
1CSPA,20,V,K,7.5,2.03
1CSPA,48,S,R,7,-1.58
1CSPA,48,S,K,7.5,-0.67
1CSPA,48,S,E,7.5,-0.04
1CSPA,46,A,K,7,-1.41
1CSPA,46,A,E,7,0.29
1CSPA,66,E,K,7,-2.17
1CSPA,66,E,L,7,-1.68
1CSPA,10,N,D,7.5,-0.41
1CSPA,10,N,K,7.5,1.47
1CSPA,15,F,A,7,1.97
1CSPA,25,D,Q,7.5,0.77
1CSPA,25,D,K,7.5,1.31
1CSPA,17,F,A,7,1.44
1CSPA,50,E,K,7.5,0.28
1CSPA,50,E,Q,7.5,1.14
1CSPA,27,F,A,7,0.73
1CSPA,39,K,Q,7.5,0.07
1CSPA,39,K,E,7.5,0.24
1CSPA,3,E,K,7,-2.75
1CSPA,3,E,R,7,-1.54
1CSPA,3,E,Q,7.5,-1.1
1CSPA,3,E,L,7,-1
1CSPA,19,E,Q,7.5,0.25
1CSPA,19,E,K,7.5,0.62
1CSPA,65,K,I,7,-1.53
1CSPA,65,K,Q,7.5,0.55
1CSPA,65,K,E,7.5,1.39
1CSPA,5,K,Q,7.5,1.41
1CSPA,5,K,E,7.5,2.28
1CSPA,21,E,K,7.5,0.15
1CSPA,21,E,Q,7.5,0.33
1CSPA,53,E,Q,7.5,-0.2
1CSPA,53,E,K,7.5,0.19
1CSPA,24,D,K,7.5,0.46
1CSPA,24,D,N,7.5,0.67
1CSPA,42,E,K,7.5,-0.05
1CSPA,42,E,Q,7.5,0.16
1CSPA,43,E,S,7,-0.29
1CSPA,43,E,K,7.5,-0.23
1CSPA,43,E,Q,7.5,-0.05
1CSPA,1,M,R,7,-1.74
1CSPA,13,K,Q,7.5,0.17
1CSPA,13,K,E,7.5,0.37
1CSPA,55,N,D,7.5,-0.46
1CSPA,55,N,K,7.5,0.04
1CSPA,38,F,A,7,-0.23
1CSPA,12,E,K,7.5,0.48
1CSPA,56,R,Q,7.5,-0.26
1CYCA,73,K,M,7.5,1
1CYCA,73,K,Y,7.5,1.05
1CYCA,73,K,F,7.5,1.15
1CYCA,73,K,W,7.5,1.43
1CYOA,71,S,L,7,-0.8
1CYOA,35,F,Y,7,-1.03
1CYOA,35,F,L,7,1.87
1CYOA,35,F,H,7,2.82
1CYOA,45,V,T,7,0.96
1CYOA,45,V,H,7,1.46
1CYOA,45,V,Y,7,1.54
1CYOA,45,V,G,7,1.91
1CYOA,45,V,E,7,2.37
1CYOA,61,V,E,7,1.08
1CYOA,61,V,Y,7,1.31
1CYOA,61,V,H,7,1.61
1CYOA,61,V,K,7,2.37
1DILA,53,A,L,7,-0.81
1DILA,69,A,V,7,-0.62
1DIVA,3,V,I,5.5,0.31
1DIVA,3,V,L,5.5,2.21
1DIVA,3,V,A,5.5,2.55
1DIVA,4,I,V,5.5,0.59
1DIVA,4,I,A,5.5,2.22
1DIVA,30,L,A,5.5,2.76
1DIVA,30,L,V,5.5,3.62
1DIVA,21,V,I,5.5,0.4
1DIVA,21,V,L,5.5,1.23
1DIVA,21,V,A,5.5,2.33
1DIVA,5,F,V,5.5,3.99
1DIVA,134,H,Q,6.73,1.28
1DIVA,144,H,Q,6.73,0.83
1DIVA,106,H,Q,6.73,1.46
1DIVA,54,E,Q,5.45,-0.33
1DIVA,6,L,I,5.5,0.13
1DIVA,6,L,V,5.5,0.41
1DIVA,6,L,A,5.5,3.1
1DIVA,17,E,Q,5.45,0.21
1DIVA,48,E,Q,5.45,-0.03
1DIVA,38,E,Q,5.45,0.56
1DIVA,1,M,A,5.5,1.46
1DIVA,1,M,G,5.5,2.36
1DIVA,7,K,M,5.45,-0.35
1DIVA,14,K,M,5.45,-0.01
1DIVA,8,D,N,5.45,0.3
1DIVA,23,D,A,5.4,-0.35
1DIVA,23,D,N,5.42,0.44
1DIVA,15,K,M,5.45,0.31
1DIVA,12,K,M,5.43,-1.38
1DIVA,10,K,M,5.45,-0.05
1DKTA,22,V,A,7.5,1.53
1DKTA,9,S,A,7.5,0.34
1DKTA,32,V,A,7.5,1.13
1DKTA,67,L,A,7.5,2.03
1DKTA,8,Y,A,7.5,0.34
1DKTA,65,H,A,7.5,0.6
1DKTA,6,I,V,7.5,0.56
1DKTA,18,E,A,7.5,1.25
1DKTA,46,L,A,7.5,2.07
1DKTA,64,P,A,7.5,0.42
1DKTA,17,F,L,7.5,2.79
1DKTA,71,R,A,7.5,0.68
1DKTA,39,S,A,7.5,0.83
1DKTA,70,R,A,7.5,2.8
1DKTA,55,V,A,7.5,1.06
1DKTA,55,V,G,7.5,2.1
1DKTA,11,K,A,7.5,-0.51
1DKTA,62,P,A,7.5,-1.4
1DKTA,58,M,L,7.5,0.52
1DPMA,257,H,L,8.3,3.33
1EL1A,56,I,L,4.5,0.24
1EL1A,109,V,K,4.5,0.43
1EL1A,93,A,S,4.5,0.26
1EL1A,21,H,G,4.5,0.48
1FEPA,256,Q,C,7,-2.28
1FEPA,252,G,C,7,-7.93
1FEPA,254,S,C,7,-5.94
1FEPA,246,S,C,7,-7.77
1FEPA,250,E,C,7,-9.79
1FEPA,248,E,C,7,-6.83
1FEPA,244,L,C,7,-6.88
1FKJA,76,I,V,7.5,0.06
1FKJA,101,V,A,7.5,0.07
1FKJA,63,V,A,7.5,0.17
1FKJA,24,V,A,7.5,3.19
1FKJA,76,I,A,7.5,3.81
1FKJA,97,L,A,7.5,0.03
1FKJA,23,V,A,7.5,2.97
1FKJA,50,L,A,7.5,2.57
1FKJA,59,W,L,7.5,2.35
1FKJA,59,W,F,7.5,2.72
1FKJA,91,I,V,7.5,0.38
1FKJA,91,I,A,7.5,1.54
1FKJA,27,T,V,7.5,-0.23
1FKJA,60,E,G,7.5,0.14
1FKJA,60,E,A,7.5,0.18
1FKJA,27,T,S,7.5,1.49
1FKJA,27,T,A,7.5,1.97
1FKJA,98,V,A,7.5,0
1FKJA,21,T,V,7.5,-0.86
1FKJA,21,T,S,7.5,1.44
1FKJA,21,T,A,7.5,1.6
1FKJA,75,T,V,7.5,0.81
1FKJA,75,T,A,7.5,2.63
1FKJA,2,V,A,7.5,2.43
1FKJA,106,L,A,7.5,2.32
1FKJA,55,V,A,7.5,2.13
1FKJA,56,I,T,7.5,1.81
1FKJA,56,I,A,7.5,2.48
1FKJA,56,I,D,7.5,3.16
1FKJA,4,V,A,7.5,2.78
1FKJA,36,F,A,7.5,3.54
1FKJA,61,E,A,7.5,0.06
1FKJA,61,E,G,7.5,0.07
1FKJA,7,I,V,7.5,-0.04
1FKJA,57,R,A,7.5,0.09
1FKJA,57,R,G,7.5,0.14
1FLVA,7,F,L,7.25,-0.09
1FLVA,87,G,V,7,0.01
1FLVA,87,G,A,7,0.11
1FLVA,87,G,L,7,0.43
1FLVA,101,A,L,7,0.23
1FLVA,101,A,V,7,0.51
1FLVA,18,V,I,7,-0.69
1FLVA,18,V,L,7,-0.26
1FLVA,83,V,I,7,-0.04
1FLVA,47,Y,F,7.25,0.82
1FLVA,34,H,A,7.25,1.28
1FNFA,1408,L,P,7,0.02
1FRDA,42,H,R,7.5,-4
1FTGA,50,L,A,7,-0.03
1FTGA,52,I,V,7,1.08
1FTGA,139,V,A,7,1.2
1FTGA,22,I,A,7,1.7
1FTGA,51,I,V,7,1.72
1FTGA,22,I,V,7,1.94
1FTGA,84,A,G,7,1.95
1FTGA,6,L,A,7,3.19
1FTGA,99,Q,A,7,-0.93
1FTGA,143,L,A,7,0.2
1FTGA,83,V,I,7,-0.05
1FTGA,160,V,A,7,2.15
1FTGA,101,A,V,7,-0.19
1FTGA,156,I,V,7,2.95
1FTGA,31,V,A,7,1.92
1FTGA,18,V,I,7,-0.23
1FTGA,117,V,A,7,2.16
1FTGA,97,N,A,7,0.65
1FTGA,122,T,S,7,-0.2
1FTGA,43,D,A,7,-0.05
1FTGA,110,S,A,7,0.78
1FTGA,104,I,V,7,0.58
1FTGA,65,D,K,7,0.03
1FTGA,68,G,A,7,-0.41
1FTGA,21,I,G,7,-0.09
1FTGA,21,I,A,7,0.02
1FTGA,20,E,K,7,0.2
1FTGA,72,E,K,7,0.58
1FTGA,71,S,A,7,0.32
1FTGA,126,D,K,7,0.41
1FTGA,75,D,K,7,0.36
1FTGA,61,E,K,7,-0.13
1FTGA,107,E,A,7,-0.19
1FTGA,40,E,K,7,0.39
1FTGA,111,Q,G,7,-0.16
1FTGA,150,D,K,7,-0.22
1FXAA,48,T,A,7.5,-0.1
1FXAA,94,E,Q,7.5,-0.6
1FXAA,94,E,K,7.5,0.4
1FXAA,94,E,D,7.5,1.1
1FXAA,65,F,Y,7.5,0.5
1FXAA,65,F,W,7.5,0.6
1FXAA,65,F,I,7.5,0.9
1FXAA,65,F,A,7.5,1
1FXAA,42,R,H,7.5,1.4
1FXAA,42,R,A,7.5,2.4
1FXAA,95,E,K,7.5,-1
1G6NA,128,S,P,7.9,-0.14
1G6NA,128,S,A,7.9,0.26
1H7MA,6,E,A,7.4,0.76
1H7MA,76,R,A,7.4,-0.19
1H7MA,46,K,A,7.4,1.1
1H7MA,39,R,A,7.4,0.07
1H7MA,48,D,A,7.4,-0.36
1H7MA,87,D,A,7.4,1.36
1H7MA,9,K,A,7.4,0.29
1H7MA,62,E,A,7.4,1.29
1H7MA,44,D,A,7.4,-0.05
1H7MA,50,E,A,7.4,-0.57
1H7MA,2,D,A,7.4,0.53
1H7MA,69,E,A,7.4,0.74
1H7MA,28,K,A,7.4,1.2
1H7MA,15,K,A,7.4,0.91
1H7MA,47,E,A,7.4,0.05
1H7MA,21,R,A,7.4,-0.07
1H7MA,78,H,A,7.4,0.5
1H7MA,8,R,A,7.4,0.76
1H7MA,12,D,A,7.4,-0.24
1H7MA,22,K,A,7.4,-0.43
1H7MA,33,K,A,7.4,-0.12
1H7MA,92,R,A,7.4,0.31
1H7MA,64,E,A,7.4,0.26
1H7MA,90,E,A,7.4,0.41
1H7MA,42,R,A,7.4,-0.33
1H7MA,54,R,A,7.4,0.26
1HFYA,29,T,I,4.5,-2.37
1HFYA,29,T,V,7,-1.86
1HFYA,30,A,I,3.67,-1.74
1HFYA,30,A,T,3.67,-1.15
1HFYA,26,W,F,7.5,2.4
1HFYA,38,T,A,7,1.3
1HFYA,60,W,F,7.5,1.27
1HFYA,118,W,F,7.5,-0.16
1HFYA,33,T,I,3.67,0.68
1HFYA,104,W,F,7.5,2.27
1HK0X,43,M,A,7,0.35
1HK0X,132,V,A,7,1.9
1HK0X,170,V,A,7,-1.3
1HK0X,81,I,A,7,1.3
1HK0X,143,Q,A,7,0.2
1HK0X,145,L,A,7,1.3
1HK0X,56,F,A,7,0.6
1HK0X,54,Q,A,7,-0.25
1HK0X,79,R,A,7,1.15
1HK0X,147,M,A,7,0.55
1HMEA,35,G,H,7,-0.07
1HMEA,33,S,H,7,1.68
1HMEA,34,I,H,7,0.62
1HNGA,76,Y,F,5,-1.49
1HTIA,105,S,D,8,1.3
1HTIA,215,A,P,8,-0.6
1HTIA,193,K,A,8,-1
1HTIA,179,Q,D,8,-1.5
1HTIA,179,Q,A,8,-0.1
1I5TA,30,P,V,7.2,5
1I5TA,30,P,A,7.1,5.61
1I5TA,52,N,I,7.2,3.14
1I5TA,67,Y,F,7.1,2.18
1I5TA,26,H,V,7.2,3.78
1I5TA,33,H,F,7.2,-0.67
1IDSA,152,G,A,7.9,4.3
1IFBA,6,W,Y,7,0.93
1IFBA,93,F,A,7,2.42
1IFBA,82,W,Y,7,-0.09
1IFBA,68,F,A,7,-1.38
1IGVA,66,F,W,7,2.34
1IGVA,28,L,A,7,2.7
1IGVA,66,F,A,7,4.97
1IGVA,23,L,A,7,3.73
1IGVA,61,V,A,7,3.78
1IGVA,23,L,G,7,4.28
1IGVA,61,V,G,7,4.35
1IGVA,10,F,A,7,4.83
1IGVA,6,L,V,7,2.2
1IGVA,70,V,L,7,1.2
1IGVA,13,Y,F,7.1,1.19
1IGVA,73,I,V,7,1.53
1IGVA,19,D,N,7,-0.74
1IGVA,20,P,G,7.1,1.19
1IGVA,17,E,Q,7.05,-0.38
1IGVA,26,E,Q,7,-0.09
1IHBA,55,R,V,7.5,0.32
1IHBA,71,F,N,7.5,-0.71
1IHBA,92,F,N,7.5,1.08
1IHBA,82,F,Q,7.5,0.46
1IHBA,37,F,H,7.5,1.24
1IMQA,71,V,I,6,-0.07
1IMQA,19,V,L,6,1.82
1IMQA,68,V,I,6,0.81
1IMQA,37,V,L,6,0.26
1IMQA,27,T,G,6,1.43
1IMQA,41,E,V,6,-0.88
1IMQA,25,A,G,6,0.14
1IMQA,34,V,L,6,-0.33
1IMQA,31,E,L,6,0.67
1IO2A,15,I,A,9,2.13
1IO2A,147,L,A,9,2.61
1IO2A,92,L,A,9,2.87
1IO2A,6,I,A,9,2.92
1IO2A,56,I,A,9,3.97
1IO2A,102,I,A,9,4.04
1IO2A,20,I,A,9,4.42
1IO2A,33,L,A,9,4.54
1IO2A,118,L,A,9,5.26
1IO2A,7,D,N,9,-1.67
1IO2A,105,D,A,9,-1.58
1IO2A,8,E,A,9,-2.65
1IO2A,8,E,Q,9,-0.6
1IO2A,135,D,A,9,-2.56
1IOBA,8,C,A,6.5,2.52
1IOBA,8,C,S,6.5,4.8
1IOBA,10,L,A,6.5,5.1
1IOBA,9,T,A,6.5,1.45
1IOBA,9,T,L,6.5,1.9
1IOBA,9,T,Q,6.5,2.75
1IOBA,9,T,G,6.5,3.36
1IOBA,7,N,D,6.5,-0.43
1IOBA,7,N,G,6.5,2.6
1IOBA,6,L,A,6.5,3.1
1IOBA,97,K,V,6.5,-1.15
1IOBA,97,K,G,6.5,1.65
1IOBA,97,K,R,6.5,1.8
1IOBA,4,R,P,6.5,0.4
1IOBA,4,R,Q,6.5,1
1IR3A,1175,W,F,7,-0.6
1IROA,33,I,L,9.08,-0.76
1IROA,24,V,I,9.08,-0.36
1KDXA,640,Y,F,6,0
1KFWA,253,G,P,7.5,0.65
1KFWA,405,G,Q,7.5,-0.62
1KFWA,92,G,P,7.5,-0.5
1KFWA,197,N,K,7.5,-0.81
1L63A,111,V,M,5.4,0.7
1L63A,111,V,A,5.4,1
1L63A,78,I,A,5.4,1.2
1L63A,6,M,A,5.4,1.6
1L63A,129,A,M,5.4,1.9
1L63A,7,L,A,5.4,2.3
1L63A,27,I,M,5.4,3.1
1L63A,153,F,A,5.4,3.4
1L63A,84,L,A,5.4,3.7
1L63A,99,L,A,5.4,4.1
1L63A,121,L,A,5.4,2.2
1L63A,149,V,M,5.4,2.8
1L63A,149,V,A,5.4,3.2
1L63A,102,M,A,5.4,2.9
1L63A,87,V,A,5.4,1.5
1L63A,87,V,M,5.4,2.3
1L63A,66,L,M,5.4,1
1L63A,66,L,A,5.4,3.3
1L63A,91,L,A,5.4,2.6
1L63A,103,V,A,5.4,1.6
1L63A,100,I,M,5.4,1.6
1L63A,100,I,A,5.4,2.5
1L63A,118,L,A,5.4,3.2
1L63A,33,L,M,5.4,2
1L63A,33,L,A,5.4,2.9
1L63A,17,I,M,5.4,2.2
1L63A,17,I,A,5.4,2.3
1L63A,104,F,M,5.4,0.4
1L63A,104,F,A,5.4,2.7
1L63A,50,I,M,5.4,0.4
1L63A,50,I,A,5.4,1.6
1L63A,106,M,A,5.4,1.9
1LS4A,31,T,A,7.4,-0.6
1LS4A,140,A,K,7.4,1.69
1LS4A,144,T,A,7.4,1.32
1LS4A,17,L,K,7.4,1.36
1LVEA,89,Q,N,7.5,1.6
1LVEA,4,M,L,7.5,-1.1
1LVEA,89,Q,H,7.5,0.8
1LVEA,38,Q,N,7.5,1.1
1LVEA,97,S,T,7.5,0.3
1LVEA,106,I,L,7.5,1.2
1LVEA,28,N,F,7.5,3.1
1LVEA,39,K,T,7.5,2.6
1LVEA,30,K,R,7.5,1
1LVEA,30,K,T,7.5,1.3
1LVEA,29,S,N,7.5,0.2
1LVEA,94,T,H,7.5,-0.7
1LVEA,15,L,P,7.5,1.5
1LVEA,96,Y,Q,7.5,1
1LVEA,96,Y,P,7.5,1.6
1LVEA,40,P,L,7.5,1.7
1LZ1A,96,A,M,2.7,-0.02
1LZ1A,9,A,S,2.7,0.02
1LZ1A,32,A,L,2.7,0.1
1LZ1A,32,A,S,2.7,0.33
1LZ1A,96,A,S,2.7,1
1LZ1A,8,L,T,2.7,3.73
1LZ1A,56,I,L,2.7,0.1
1LZ1A,56,I,V,2.7,1.25
1LZ1A,56,I,M,2.7,1.77
1LZ1A,56,I,A,2.7,3.71
1LZ1A,56,I,F,2.7,4.09
1LZ1A,56,I,T,3.13,4.33
1LZ1A,100,V,T,2.7,0.29
1LZ1A,100,V,A,2.7,0.42
1LZ1A,100,V,F,2.7,1.65
1LZ1A,99,V,T,2.7,0.5
1LZ1A,99,V,A,2.7,0.94
1LZ1A,92,A,S,2.7,-0.81
1LZ1A,59,I,L,2.7,0
1LZ1A,59,I,F,2.7,0.81
1LZ1A,59,I,V,2.7,1.04
1LZ1A,59,I,M,2.7,1.29
1LZ1A,59,I,A,2.7,1.59
1LZ1A,59,I,T,2.7,2.22
1LZ1A,59,I,S,2.7,3.59
1LZ1A,59,I,Y,2.7,3.78
1LZ1A,59,I,G,2.7,3.83
1LZ1A,93,V,T,2.7,0.67
1LZ1A,93,V,A,2.7,0.87
1LZ1A,106,I,V,2.7,0.85
1LZ1A,106,I,A,2.7,0.93
1LZ1A,89,I,V,2.7,0.42
1LZ1A,89,I,A,2.7,2.7
1LZ1A,58,Q,G,3.13,-1.91
1LZ1A,58,Q,A,2.7,-0.91
1LZ1A,23,I,V,2.7,0.39
1LZ1A,105,G,A,2.7,0.62
1LZ1A,23,I,A,2.7,2.54
1LZ1A,121,V,A,2.7,1.6
1LZ1A,54,Y,F,2.7,0.96
1LZ1A,38,Y,F,2.7,0.19
1LZ1A,38,Y,G,2.7,2.32
1LZ1A,38,Y,A,2.7,2.49
1LZ1A,124,Y,F,2.7,0.36
1LZ1A,77,C,A,3,4.6
1LZ1A,125,V,A,2.7,1.46
1LZ1A,67,D,N,3.25,1.37
1LZ1A,67,D,H,4,4.54
1LZ1A,35,E,L,2.7,0.53
1LZ1A,37,G,A,2.7,0.29
1LZ1A,37,G,Q,3.13,0.4
1LZ1A,16,G,A,2.7,1.39
1LZ1A,19,G,A,2.7,1.77
1LZ1A,91,D,P,2.9,0.61
1LZ1A,102,D,N,3.25,0.13
1LZ1A,20,Y,F,2.7,0.5
1LZ1A,7,E,Q,3.25,0.95
1LZ1A,72,G,A,2.7,0.36
1LZ1A,18,D,N,3.1,1.28
1LZ1A,68,G,A,2.7,0.12
1LZ1A,1,K,M,2.7,0.12
1LZ1A,1,K,A,2.7,0.6
1LZ1A,130,V,A,2.7,0.98
1LZ1A,49,D,N,3.1,0.65
1LZ1A,22,G,A,2.7,1.79
1LZ1A,71,P,G,2.9,1.39
1LZ1A,129,G,A,2.7,-0.14
1LZ1A,48,G,A,2.7,-0.45
1LZ1A,127,G,A,2.7,0.55
1LZ1A,47,A,P,2.9,-0.62
1LZ1A,110,V,P,2.9,-1.48
1LZ1A,110,V,R,2.7,-0.88
1LZ1A,110,V,I,2.7,-0.86
1LZ1A,110,V,M,2.7,-0.53
1LZ1A,110,V,G,2.7,-0.48
1LZ1A,110,V,A,2.7,-0.3
1LZ1A,110,V,D,2.7,-0.17
1LZ1A,110,V,N,2.7,-0.07
1LZ1A,110,V,L,2.7,-0.07
1LZ1A,110,V,F,2.7,0.05
1LZ1A,110,V,Y,2.7,0.14
1LZ1A,120,D,N,3.25,0.14
1LZ1A,74,V,M,2.7,-0.65
1LZ1A,74,V,I,2.7,-0.45
1LZ1A,74,V,L,2.7,-0.19
1LZ1A,74,V,R,2.7,0.07
1LZ1A,74,V,G,2.7,0.22
1LZ1A,74,V,Y,2.7,0.24
1LZ1A,74,V,F,2.7,0.29
1LZ1A,74,V,N,2.7,0.33
1LZ1A,74,V,S,2.7,0.38
1LZ1A,74,V,A,2.7,0.4
1LZ1A,74,V,D,2.7,0.43
1LZ1A,2,V,Y,2.7,0.36
1LZ1A,2,V,R,2.7,0.38
1LZ1A,2,V,N,2.7,1.34
1LZ1A,2,V,S,2.7,1.41
1LZ1A,2,V,D,2.7,1.43
1LZ1A,2,V,I,2.7,-1.1
1LZ1A,2,V,L,2.7,0.05
1LZ1A,2,V,M,2.7,0.31
1LZ1A,2,V,F,2.7,0.86
1LZ1A,2,V,A,2.7,1.51
1LZ1A,2,V,G,2.7,2.29
1LZ1A,63,Y,F,2.7,0.24
1LZ1A,45,Y,F,2.7,-0.07
1LZ1A,50,R,A,2.7,-0.43
1LZ1A,50,R,G,3.13,-0.32
1LZ1A,21,R,A,2.7,-1.31
1LZ1A,21,R,G,2.7,-1.15
1LZ1A,103,P,G,2.9,0.05
1LZ1A,118,N,A,2.7,-0.19
1LZ1A,118,N,G,2.7,-0.05
1LZ1A,78,H,A,2.7,0.14
1LZ1A,78,H,G,3.13,0.21
1MBGA,103,V,L,7.5,-2.44
1MBGA,103,V,I,7.5,-0.69
1MBGA,103,V,A,7.5,2.32
1MJCA,20,F,L,7,0.31
1MJCA,20,F,S,7,1.16
1MJCA,18,F,L,7,1
1MJCA,18,F,S,7,1.54
1MJCA,31,F,L,7,0.66
1MJCA,31,F,S,7,1.03
1MSIA,36,D,A,7,-0.91
1MSIA,25,E,A,7,0.02
1MSIA,23,R,A,7,0.7
1MSIA,58,D,N,7,0.06
1MSIA,47,R,A,7,0.56
1MSIA,39,R,A,7,0.69
1N0JA,143,Q,N,7.8,-1.43
1N0JA,34,Y,F,7.8,-7.9
1N0JA,58,I,T,7.8,2.7
1OH0A,32,Y,S,7,-13.7
1OH0A,16,Y,S,7,-11.9
1OH0A,57,Y,S,7,-9.5
1OIAA,78,Y,F,7,0
1OIAA,78,Y,D,7,5.1
1OIAA,86,Y,F,7,2.6
1OIAA,86,Y,T,7,2.9
1OIAA,13,Y,F,7,0.7
1OIAA,13,Y,T,7,1.3
1OIAA,31,Y,F,7,0
1OIAA,31,Y,S,7,2.3
1ONCA,23,M,L,4.82,2.59
1OTRB,30,I,L,3,1.96
1OTRB,5,V,A,3.75,3.01
1OTRB,5,V,T,3.75,3.73
1OTRB,5,V,N,3.75,5.38
1OTRB,67,L,A,3.75,2.82
1OTRB,67,L,T,3.75,2.92
1OTRB,67,L,S,3.75,3.3
1OTRB,67,L,N,3.75,3.39
1OTRB,41,Q,V,3.75,0.05
1OTRB,41,Q,L,3.75,0.26
1OTRB,41,Q,T,3.75,0.43
1OTRB,41,Q,S,3.75,1.27
1OTRB,41,Q,N,3.75,2.56
1OTRB,17,V,A,3.75,1.63
1OTRB,17,V,T,3.75,1.89
1OTRB,17,V,N,3.75,4.9
1OTRB,36,I,V,3,0.79
1OTRB,36,I,F,3,0.86
1OTRB,36,I,L,3,1.31
1OTRB,34,E,I,3,-1.65
1OTRB,34,E,T,3,-1.51
1OTRB,34,E,G,3,-1.39
1OTRB,34,E,W,3,-1.31
1OTRB,34,E,C,3,-0.91
1OTRB,34,E,V,3,-0.86
1OTRB,34,E,F,3,-0.72
1OTRB,34,E,Y,3,-0.41
1OTRB,34,E,A,3,-0.07
1OTRB,34,E,N,3,1.12
1OTRB,34,E,Q,3,1.46
1OTRB,34,E,P,3,2.13
1OTRB,34,E,K,3,2.15
1OTRB,34,E,H,3,3.92
1OTRB,34,E,L,4,-1.11
1OTRB,34,E,S,4,0.33
1OTRB,34,E,D,4,0.71
1PGAA,26,A,P,5.5,3.4
1PGAA,54,V,A,7,0.1
1PGAA,9,G,P,5.5,2.4
1PGAA,53,T,Y,5.2,-3.34
1PGAA,53,T,F,5.2,-3.26
1PGAA,53,T,V,5.2,-2.37
1PGAA,53,T,T,5.2,-1.36
1PGAA,53,T,W,5.2,-1.04
1PGAA,53,T,M,5.2,-0.9
1PGAA,53,T,S,5.2,-0.87
1PGAA,53,T,C,5.2,-0.78
1PGAA,53,T,I,5.2,-0.74
1PGAA,53,T,N,5.2,-0.52
1PGAA,53,T,L,5.2,-0.45
1PGAA,53,T,Q,5.2,-0.38
1PGAA,53,T,H,5.2,-0.37
1PGAA,53,T,K,5.2,-0.35
1PGAA,53,T,R,5.2,-0.18
1PGAA,53,T,A,5.2,-0.1
1PGAA,53,T,E,5.2,-0.08
1PGAA,53,T,D,5.2,0.87
1PGAA,53,T,G,5.2,1.21
1PGAA,23,A,P,5.5,0.3
1PGAA,6,I,N,5.2,-1.95
1PGAA,6,I,T,5.2,-1.88
1PGAA,46,D,A,7,1.36
1PGAA,25,T,P,5.5,2.8
1PGAA,24,A,P,5.5,0.5
1PGAA,29,V,P,5.5,3.5
1PGAA,22,D,G,5.5,1.2
1PGAA,2,T,P,5.5,2.7
1PGAA,48,A,P,5.5,0.7
1PGAA,49,T,A,7,0.86
1PGAA,47,D,A,7,-0.36
1PGAA,36,D,P,5.5,3.1
1PGAA,50,K,A,7,0.45
1PGAA,21,V,P,5.5,-0.5
1PGAA,10,K,P,5.5,0.2
1PINA,26,N,D,7,1.88
1PINA,29,T,S,7,0.65
1PINA,29,T,A,7,1.25
1PINA,29,T,D,7,1.33
1PINA,29,T,G,7,1.99
1PINA,31,A,G,7,1.49
1PINA,11,W,F,7,1.93
1PINA,24,Y,W,7,0.56
1PINA,24,Y,F,7,0.66
1PINA,10,G,A,7,0.85
1PINA,8,P,G,7,0.92
1PINA,8,P,A,7,0.97
1PINA,38,S,A,7,-0.05
1PINA,38,S,G,7,0.08
1PINA,7,L,I,7,0.85
1PINA,7,L,N,7,0.9
1PINA,7,L,V,7,1.26
1PINA,7,L,A,7,1.72
1PINA,16,S,A,7,0.44
1PINA,16,S,G,7,0.92
1PINA,32,S,A,7,0.26
1PINA,32,S,G,7,0.81
1PINA,23,Y,F,7,0.52
1PINA,23,Y,A,7,1.08
1PINA,23,Y,L,7,1.18
1PINA,25,F,Y,7,-0.22
1PINA,25,F,L,7,1.37
1PINA,25,F,A,7,2.14
1PINA,30,N,G,7,-0.53
1PINA,30,N,A,7,0.47
1PINA,19,S,G,7,-0.01
1PINA,19,S,A,7,0.14
1PINA,33,Q,A,7,0.57
1PINA,20,G,A,7,0.86
1PINA,22,V,A,7,0.26
1PINA,28,I,A,7,0.36
1PINA,28,I,G,7,0.48
1PINA,12,E,A,7,0.48
1PINA,27,H,A,7,0.12
1PINA,27,H,G,7,0.68
1PINA,36,R,A,7,0.29
1PINA,9,P,A,7,0.19
1PINA,9,P,G,7,0.49
1PINA,15,M,A,7,0.59
1PINA,14,R,A,7,1.63
1PINA,35,E,A,7,0.73
1PINA,13,K,A,7,0.02
1PINA,18,S,A,7,-0.03
1PINA,18,S,G,7,-0.02
1PINA,21,R,A,7,0.65
1PINA,21,R,G,7,0.67
1PINA,34,W,F,7,0.1
1PINA,34,W,A,7,0.4
1PINA,6,K,A,7,-0.15
1PINA,17,R,A,7,0
1PINA,17,R,G,7,0.22
1POHA,31,S,A,7,0.33
1POHA,46,S,D,7,-1.44
1POHA,46,S,N,7,-0.39
1POHA,46,S,A,7,1.01
1POHA,49,K,E,7,-2.01
1QGVA,126,G,D,7.82,1.71
1QJPA,123,F,A,9.2,2.1
1QJPA,43,Y,A,9.2,3.8
1QJPA,55,Y,A,9.2,2.5
1QJPA,129,Y,A,9.2,2.7
1QJPA,57,W,A,9.2,2
1QJPA,51,F,A,9.2,1.2
1QJPA,168,Y,A,9.2,0.2
1QJPA,141,Y,A,9.2,3.3
1QJPA,15,W,A,9.2,2
1QJPA,143,W,A,9.2,3.1
1QJPA,170,F,A,9.2,2.4
1QJPA,7,W,A,9.2,3.6
1QLPA,51,F,C,6.5,-3.01
1QLPA,51,F,L,6.5,-2.1
1QLPA,381,S,A,6.5,-1
1QLPA,387,K,R,6.5,-1
1QLPA,374,M,I,6.5,-2.3
1QLPA,330,S,R,7.8,-2.44
1QLPA,68,T,A,6.5,-1
1QLPA,59,T,A,6.5,-1
1QLPA,331,K,T,7.8,-0.54
1QLPA,331,K,I,7.8,0.84
1QLPA,331,K,V,7.8,0.89
1QLPA,331,K,F,7.8,1.75
1QLPA,70,A,G,6.5,-1.6
1QQVA,41,H,Y,5.25,-1.25
1RGGA,57,V,T,7,4.4
1RGGA,82,T,V,7,1.7
1RGGA,56,T,V,7,1.9
1RGGA,18,T,V,7,1.4
1RGGA,79,D,Y,7,-2.9
1RGGA,79,D,I,7,-2.85
1RGGA,79,D,F,6.38,-2.73
1RGGA,79,D,L,7,-2.7
1RGGA,79,D,R,7,-2.7
1RGGA,79,D,A,6.38,-2.48
1RGGA,79,D,W,7,-2.3
1RGGA,79,D,K,7,-2.3
1RGGA,79,D,H,7,-1.8
1RGGA,79,D,N,6.38,-1.52
1RGGA,79,D,E,7,0.3
1RGGA,54,E,Q,6.25,1.96
1RGGA,33,D,A,7,6.1
1RGGA,39,N,D,7,1.5
1RGGA,39,N,A,7,2.2
1RGGA,39,N,S,7,2.3
1RGGA,72,T,V,7,0.2
1RGGA,65,R,A,6.25,1.13
1RGGA,59,T,V,7,1.7
1RGGA,2,V,T,7,0.9
1RGGA,43,V,T,7,0.5
1RGGA,36,V,T,7,1.3
1RGGA,16,T,V,7,-0.3
1RGGA,67,T,V,7,0
1RGGA,94,Q,K,6.17,-0.56
1RGGA,5,T,V,7,0
1RGGA,85,H,Q,6.25,0
1RGGA,38,Q,A,6.25,-0.74
1RGGA,40,R,E,5,0.19
1RGGA,25,D,K,7,0.9
1RGGA,25,D,H,7,-0.9
1RGGA,74,E,K,6.63,-0.26
1RGGA,17,D,K,7,1.1
1RGGA,41,E,K,6.5,1.11
1RHGA,150,G,A,7,-2.86
1RHGA,149,G,A,7,-2.29
1RHGA,28,G,A,7,-2.66
1RHGA,81,G,A,7,1.68
1RHGA,87,G,A,7,1.86
1RHGA,50,L,E,5.5,0.03
1RHGA,26,G,A,7,-3.06
1RHGA,73,G,A,7,-1.44
1RHGA,33,E,A,5.5,-0.59
1RHGA,46,E,A,5.5,0.56
1RISA,75,L,A,8,0.78
1RISA,6,V,A,8,2.42
1RISA,65,V,A,8,2.62
1RISA,8,I,A,8,3.4
1RISA,26,I,A,8,2.83
1RISA,79,L,A,8,3.2
1RISA,22,E,Q,8,0.68
1RISA,88,V,A,8,1.47
1RISA,35,A,G,8,0.33
1RISA,48,L,A,8,0.12
1RISA,85,V,A,8,3
1RISA,60,F,A,8,0.83
1RISA,33,Y,A,8,-1.1
1RISA,52,I,A,8,0.72
1RISA,37,V,A,8,2.68
1RISA,21,L,A,8,-0.08
1RN1A,39,P,A,6,4.88
1RN1A,59,W,Y,6,0.93
1RN1A,76,D,N,7,3.17
1RN1A,76,D,S,7,3.18
1RN1A,76,D,A,7,3.76
1RN1A,81,N,A,7,2.89
1RN1A,11,Y,F,7,2.07
1RN1A,68,Y,F,7,1.36
1RN1A,58,E,A,7,0.51
1RN1A,57,Y,F,7,0.47
1RN1A,42,Y,F,7,-1.15
1RN1A,42,Y,W,6,0.14
1RN1A,49,D,A,4.75,0.26
1RN1A,56,Y,F,7,0.75
1RN1A,24,Y,W,6,-1.24
1RN1A,92,H,A,6,0.62
1RN1A,12,S,A,7,1.16
1RN1A,9,N,A,7,0.81
1RN1A,44,N,D,5.28,1.59
1RN1A,44,N,S,7,1.77
1RN1A,44,N,A,7,1.91
1RN1A,21,A,N,2.5,-0.34
1RN1A,21,A,L,2.5,0.13
1RN1A,21,A,M,2.5,0.15
1RN1A,21,A,H,4.75,0.27
1RN1A,21,A,W,2.5,0.3
1RN1A,21,A,Q,4.75,0.36
1RN1A,21,A,Y,2.5,0.39
1RN1A,21,A,R,2.5,0.41
1RN1A,21,A,S,4.75,0.42
1RN1A,21,A,D,4.75,0.44
1RN1A,21,A,I,2.5,0.44
1RN1A,21,A,E,4.75,0.5
1RN1A,21,A,K,2.5,0.51
1RN1A,21,A,F,2.5,0.57
1RN1A,21,A,T,2.5,0.57
1RN1A,21,A,V,2.5,0.66
1RN1A,21,A,C,2.5,0.74
1RN1A,21,A,G,2.5,0.9
1RN1A,17,S,A,7,-0.62
1RN1A,40,H,T,6,0.26
1RN1A,36,N,A,7,-0.02
1RN1A,64,S,A,7,1.5
1RN1A,25,Q,K,7,-0.88
1ROPA,41,L,V,6,2.53
1ROPA,41,L,A,6,6.12
1ROPA,30,D,G,7,-2
1ROPA,30,D,Q,7,-1.8
1ROPA,30,D,E,7,-1
1ROPA,30,D,S,7,-1
1ROPA,30,D,K,7,-0.9
1ROPA,30,D,H,7,-0.9
1ROPA,30,D,C,7,-0.8
1ROPA,30,D,R,7,-0.8
1ROPA,30,D,N,7,-0.8
1ROPA,30,D,M,7,-0.6
1ROPA,30,D,A,7,-0.3
1ROPA,30,D,Y,7,-0.2
1ROPA,30,D,L,7,0.1
1ROPA,30,D,F,7,0.1
1ROPA,30,D,W,7,0.4
1ROPA,30,D,V,7,0.4
1ROPA,30,D,T,7,0.4
1ROPA,30,D,I,7,0.8
1ROPA,30,D,P,7,1.6
1RROA,26,P,A,7.4,0.74
1RROA,21,P,A,7.4,0.74
1RTBA,108,V,I,5,0.43
1RTBA,108,V,L,5,0.7
1RTBA,106,I,V,5,0.8
1RTBA,54,V,L,5,1.09
1RTBA,57,V,I,5,1.3
1RTBA,106,I,L,5,1.79
1RTBA,54,V,I,5,1.95
1RTBA,57,V,L,5,2.37
1RTBA,75,S,A,7.4,2.5
1RTBA,54,V,A,5,2.58
1RTBA,75,S,T,7.4,2.8
1RTBA,57,V,A,5,2.85
1RTBA,46,F,L,6,3.2
1RTBA,47,V,A,5,3.8
1RTBA,108,V,A,5,4.2
1RTBA,106,I,A,5,4.37
1RTBA,46,F,V,6,4.54
1RTBA,54,V,G,5,4.87
1RTBA,57,V,G,5,5.52
1RTBA,46,F,A,6,6.36
1RTBA,108,V,G,5,7.28
1RTBA,47,V,G,5,7.34
1RTBA,81,I,V,5,0.43
1RTBA,81,I,A,5,2.99
1RTBA,81,I,G,5,4.8
1RTBA,97,Y,F,5,3.54
1RTBA,97,Y,G,5,11.7
1RTBA,97,Y,A,5,12
1RTBA,109,A,G,5,0.43
1RTBA,107,I,V,5,0.08
1RTBA,107,I,L,5,2.19
1RTBA,107,I,A,5,2.84
1RTBA,121,D,N,3.6,1.71
1RTBA,121,D,A,3.6,1.95
1RTBA,116,V,A,5,0.66
1RTBA,116,V,G,5,1.18
1RTBA,123,S,A,7.07,-0.69
1RTBA,5,A,S,7.07,0.27
1RTBA,118,V,A,5,1.92
1RTBA,118,V,G,5,2.77
1RTBA,4,A,S,7.07,0.47
1RTBA,63,V,A,5,2.02
1RTBA,63,V,G,5,3.5
1RTBA,119,H,A,3.6,-0.35
1RTBA,64,A,G,5,0.43
1RTBA,93,P,S,4.2,2.1
1RTBA,93,P,G,6,2.2
1RTBA,93,P,A,4.2,2.7
1RTBA,114,P,G,5.1,3.09
1RTBA,114,P,A,4.2,3.2
1RTP1,26,H,P,7.4,-1.25
1RTP1,21,A,P,7.4,0.49
1RTP1,80,K,S,7.4,0.29
1RX4A,40,V,I,7.8,0.85
1RX4A,35,T,A,7.8,1.1
1RX4A,40,V,L,7.8,1.35
1RX4A,40,V,A,7.8,1.55
1RX4A,40,V,R,7.8,1.72
1RX4A,40,V,M,7.8,2
1RX4A,40,V,F,7.8,2.15
1RX4A,40,V,N,7.8,2.17
1RX4A,40,V,S,7.8,2.52
1RX4A,40,V,H,7.8,3.27
1RX4A,95,G,A,7.8,-1.3
1RX4A,113,T,V,7.8,1.2
1RX4A,24,L,V,7.8,1.9
1RX4A,59,N,V,7.8,-0.22
1RX4A,59,N,C,7.8,0.02
1RX4A,59,N,L,7.8,0.03
1RX4A,59,N,I,7.8,0.11
1RX4A,59,N,M,7.8,0.27
1RX4A,59,N,T,7.8,0.32
1RX4A,59,N,Q,7.8,0.92
1RX4A,59,N,P,7.8,1.34
1RX4A,59,N,W,7.8,1.6
1RX4A,59,N,H,7.8,1.75
1RX4A,59,N,S,7.8,1.88
1RX4A,59,N,E,7.8,2.09
1RX4A,59,N,K,7.8,2.22
1RX4A,59,N,G,7.8,2.92
1RX4A,43,G,A,7.8,0.4
1RX4A,27,D,N,7.8,-1.4
1RX4A,75,V,C,7.8,0.05
1RX4A,75,V,A,7.8,0.05
1RX4A,75,V,S,7.8,0.8
1RX4A,75,V,I,7.8,1.65
1RX4A,75,V,H,7.15,1.72
1RX4A,75,V,Y,7.8,1.8
1RX4A,75,V,R,7.8,2
1RX4A,54,L,V,7.8,-0.4
1RX4A,30,W,M,7.8,2.03
1RX4A,30,W,Y,7.8,2.16
1RX4A,30,W,A,7.8,2.33
1RX4A,30,W,R,7.8,2.49
1RX4A,30,W,N,7.8,2.52
1RX4A,30,W,S,7.8,2.74
1RX4A,30,W,H,7.8,2.78
1RX4A,30,W,E,7.8,2.89
1RX4A,155,I,V,7.8,0.29
1RX4A,155,I,L,7.8,2.54
1RX4A,155,I,E,7.8,3.26
1RX4A,155,I,R,7.8,3.28
1RX4A,155,I,T,7.8,3.3
1RX4A,155,I,K,7.8,3.35
1RX4A,155,I,Y,7.8,3.64
1RX4A,155,I,Q,7.8,3.86
1RX4A,155,I,A,7.8,3.91
1RX4A,155,I,S,7.8,3.93
1RX4A,155,I,D,7.8,4.1
1RX4A,155,I,W,7.8,4.31
1RX4A,22,W,L,7.8,-0.1
1RX4A,121,G,A,7,-0.5
1RX4A,121,G,D,7,-0.19
1RX4A,121,G,C,7,-0.09
1RX4A,121,G,S,7,-0.01
1RX4A,121,G,H,7,0.11
1RX4A,121,G,Y,7,0.2
1RX4A,121,G,L,7,0.51
1RX4A,121,G,V,7,1.11
1RX4A,15,G,A,7.8,-0.7
1RX4A,31,F,V,7.8,1.5
1RX4A,67,G,A,7,-0.52
1RX4A,67,G,S,7,-0.07
1RX4A,67,G,D,7,0.14
1RX4A,67,G,T,7,0.21
1RX4A,67,G,C,7,0.36
1RX4A,67,G,L,7,0.44
1RX4A,67,G,V,7,0.94
1RX4A,31,F,A,7.8,1.9
1RX4A,44,R,A,7.8,1.4
1RX4A,88,V,A,7.2,-0.3
1RX4A,88,V,I,7.2,0.49
1RX4A,74,W,F,7.8,1.2
1RX4A,148,S,K,7.8,0.26
1RX4A,148,S,P,7.8,0.26
1RX4A,148,S,V,7.8,0.33
1RX4A,148,S,A,7.8,0.47
1RX4A,148,S,T,7.8,0.51
1RX4A,148,S,E,7.8,0.52
1RX4A,148,S,R,7.8,0.75
1RX4A,148,S,N,7.8,0.89
1RX4A,44,R,L,7.8,-1.45
1RX4A,139,E,Q,7.8,0.89
1RX4A,139,E,K,7.8,1.45
1RX4A,21,P,L,7.8,0.1
1RX4A,66,P,A,7.8,-1.3
1RX4A,28,L,R,7.8,-1.31
1RX4A,122,D,A,7.8,1.6
1SAKA,347,A,G,7,2.7
1SAKA,344,L,I,7,1.2
1SAKA,344,L,F,7,6.1
1SAKA,341,F,L,7,3.2
1SAKA,341,F,I,7,6.9
1SAKA,332,I,V,7,4.9
1SAKA,345,N,A,7,3.7
1SAKA,330,L,F,7,5.2
1SAKA,338,F,A,7,7.2
1SAKA,340,M,I,7,-0.7
1SAKA,340,M,A,7,6.4
1SAKA,350,L,A,7,2.1
1SAKA,337,R,A,7,9.3
1SAKA,351,K,A,7,-2.5
1SAKA,328,F,L,7,3.5
1SAKA,328,F,A,7,7.2
1SAKA,352,D,A,7,2.2
1SAKA,343,E,A,7,1.1
1SAKA,349,E,A,7,3.8
1SAKA,339,E,A,7,1.8
1SAKA,346,E,A,7,0.4
1SAKA,329,T,A,7,3.6
1SAKA,333,R,A,7,3.9
1SAKA,331,Q,A,7,1.4
1SAKA,342,R,A,7,1.4
1SAKA,326,E,A,7,1.6
1SAKA,336,E,A,7,-3
1SAKA,335,R,A,7,2.1
1SCEA,28,S,G,7.5,-0.89
1SCEA,28,S,A,7.5,0.34
1SCEA,29,P,A,7.5,-0.23
1SCEA,52,P,A,7.5,2.57
1SCEA,90,P,G,7.5,-1.33
1SCEA,90,P,A,7.5,-1.19
1SCEA,44,P,A,7.5,3.04
1SCEA,7,P,A,7.5,0.2
1SCEA,89,V,G,7.5,-0.81
1SCEA,89,V,A,7.5,0.24
1SCEA,92,P,G,7.5,-0.07
1SCEA,92,P,A,7.5,-0.07
1SCEA,20,P,A,7.5,0.3
1SCEA,58,P,A,7.5,0.35
1SHFA,124,S,K,8,-0.11
1SHFA,124,S,R,8,0.18
1SHFA,124,S,L,8,0.37
1SHFA,124,S,A,8,0.71
1SHFA,124,S,N,8,0.73
1SHFA,124,S,V,8,1.1
1SHFA,124,S,H,8,1.25
1SHFA,124,S,I,8,1.41
1SHFA,124,S,T,8,1.65
1SHFA,124,S,G,8,1.68
1SHFA,124,S,F,8,1.9
1SHFA,124,S,D,8,2.02
1SHFA,124,S,Y,8,2.27
1SHFA,107,E,D,8,-0.68
1SHFA,107,E,T,8,0.6
1SHFA,107,E,Q,8,0.74
1SHFA,107,E,K,8,0.97
1SHFA,107,E,H,8,0.99
1SHFA,107,E,A,8,1.27
1SHFA,107,E,F,8,1.63
1SHFA,107,E,S,8,1.64
1SHFA,107,E,P,8,1.71
1SHFA,107,E,V,8,2
1SHFA,107,E,G,8,2.29
1SHFA,107,E,Y,8,2.4
1SHFA,107,E,I,8,2.71
1SHFA,107,E,L,8,3.02
1SHFA,107,E,R,8,3.38
1SHFA,128,G,A,8,1.78
1SHFA,127,T,A,8,2.59
1SHGA,52,F,Y,7,0.44
1SHGA,57,Y,F,7,-1.31
1SHGA,48,D,G,2.75,-0.83
1SHGA,59,K,F,7,-1.72
1SHGA,59,K,Y,7,-0.84
1SHGA,13,Y,F,7,-1.27
1SHGA,18,K,F,7,-2.33
1SSOA,29,I,V,7,0.4
1STNA,104,V,I,7,-0.2
1STNA,39,V,I,7,-0.1
1STNA,90,A,V,7,0.2
1STNA,62,T,V,7,0.2
1STNA,92,I,V,7,0.45
1STNA,92,I,L,7,0.6
1STNA,55,G,A,7,0.6
1STNA,104,V,L,7,0.8
1STNA,39,V,L,7,0.9
1STNA,109,A,G,7,1
1STNA,125,L,I,7,1
1STNA,62,T,C,7,1.1
1STNA,103,L,I,7,1.1
1STNA,74,V,L,7,1.2
1STNA,92,I,M,7,1.6
1STNA,62,T,I,7,1.7
1STNA,25,L,I,7,1.7
1STNA,74,V,I,7,1.8
1STNA,25,L,V,7,1.8
1STNA,55,G,V,7,1.8
1STNA,90,A,G,7,2
1STNA,103,L,V,7,2
1STNA,62,T,S,7,2.1
1STNA,90,A,S,6.67,2.19
1STNA,39,V,A,7,2.2
1STNA,125,L,V,7,2.3
1STNA,62,T,A,7,2.4
1STNA,91,Y,F,7,2.4
1STNA,104,V,T,7,2.5
1STNA,58,A,G,7,2.6
1STNA,100,N,E,6.38,2.66
1STNA,25,L,A,6.33,2.69
1STNA,58,A,V,7,2.8
1STNA,104,V,A,7,2.9
1STNA,36,L,I,7,3.1
1STNA,109,A,V,7,3.1
1STNA,74,V,A,7,3.1
1STNA,99,V,A,7,3.2
1STNA,62,T,G,7,3.45
1STNA,36,L,V,7,3.5
1STNA,36,L,A,7,3.55
1STNA,132,A,G,7,3.7
1STNA,34,F,A,7,3.7
1STNA,74,V,T,7,3.8
1STNA,91,Y,L,7,3.9
1STNA,92,I,A,7,4
1STNA,107,G,A,7,4.45
1STNA,104,V,E,6.22,4.46
1STNA,25,L,G,7,4.5
1STNA,103,L,A,7,4.6
1STNA,39,V,G,7,4.7
1STNA,132,A,V,7,4.8
1STNA,104,V,S,7,4.9
1STNA,125,L,A,7,4.9
1STNA,62,T,E,6.95,4.97
1STNA,99,V,G,7,5
1STNA,100,N,G,7,5.1
1STNA,100,N,A,7,5.2
1STNA,91,Y,A,7,5.3
1STNA,91,Y,S,7,5.3
1STNA,36,L,G,7,5.35
1STNA,74,V,S,7,5.4
1STNA,39,V,E,6.36,5.41
1STNA,58,A,E,6.93,5.62
1STNA,103,L,E,6.38,5.82
1STNA,34,F,G,7,6.2
1STNA,36,L,E,6.59,6.24
1STNA,109,A,E,6.38,6.25
1STNA,125,L,E,6.36,6.5
1STNA,104,V,G,7,6.5
1STNA,34,F,E,6.36,6.54
1STNA,103,L,G,7,6.6
1STNA,92,I,G,7,6.6
1STNA,74,V,G,7,6.6
1STNA,91,Y,G,7,6.7
1STNA,125,L,G,7,7
1STNA,99,V,E,6.34,7.13
1STNA,91,Y,E,6.34,7.17
1STNA,132,A,E,6.95,7.35
1STNA,92,I,E,6.34,7.61
1STNA,74,V,E,6.95,7.73
1STNA,90,A,E,6.36,7.86
1STNA,25,L,E,6.38,7.99
1STNA,88,G,A,7,0.1
1STNA,99,V,I,7,0.2
1STNA,99,V,L,7,0.3
1STNA,20,G,A,7,0.3
1STNA,88,G,V,6.71,0.5
1STNA,88,G,W,7,0.96
1STNA,20,G,V,7,2.3
1STNA,99,V,T,7,3.3
1STNA,99,V,S,7,5.1
1STNA,20,G,E,6.36,3.7
1STNA,23,V,E,6.38,6.22
1STNA,23,V,L,7,0.1
1STNA,23,V,I,7,0.2
1STNA,23,V,F,6.18,1.91
1STNA,23,V,A,7,2.9
1STNA,23,V,T,7,3.2
1STNA,23,V,S,7,4.7
1STNA,23,V,G,7,5.6
1STNA,39,V,T,7,1.3
1STNA,39,V,S,7,2.4
1STNA,66,V,L,6.71,-0.13
1STNA,66,V,M,8.47,0.14
1STNA,66,V,I,7,1
1STNA,66,V,T,7,1.3
1STNA,66,V,A,7,2.2
1STNA,66,V,S,7,3.1
1STNA,66,V,W,7,3.46
1STNA,66,V,G,7,4.4
1STNA,66,V,K,9.2,4.83
1STNA,94,A,V,7,1.3
1STNA,94,A,G,7,2.4
1STNA,77,D,G,7,2.2
1STNA,77,D,N,7,2.9
1STNA,77,D,A,7,3.13
1STNA,77,D,K,7,3.5
1STNA,19,D,A,7,0.1
1STNA,19,D,N,7,0.2
1STNA,19,D,K,7,0.3
1STNA,19,D,G,7,0.4
1STNA,19,D,F,7,1.5
1STNA,38,L,E,6.03,3.17
1STNA,118,N,E,7,1.9
1STNA,72,I,E,6.36,6.8
1STNA,41,T,E,6.38,3.28
1STNA,75,E,Q,7,0.7
1STNA,75,E,A,7,2.2
1STNA,75,E,K,7,2.3
1STNA,75,E,V,7,2.31
1STNA,75,E,G,7,3.5
1STNA,37,L,E,5.73,2.85
1STNA,118,N,G,7,1.85
1STNA,118,N,A,7,2.05
1STNA,118,N,D,7,2.45
1STNA,41,T,V,7,-0.8
1STNA,41,T,I,7,-0.7
1STNA,41,T,C,7,-0.6
1STNA,41,T,A,7,0
1STNA,41,T,S,7,1.1
1STNA,41,T,G,7,2
1STNA,38,L,V,7,0.2
1STNA,38,L,G,7,0.55
1STNA,38,L,A,7,1.65
1STNA,38,L,I,7,2.1
1STNA,21,D,N,7,-1.4
1STNA,21,D,K,7,-1
1STNA,21,D,A,7,-0.7
1STNA,21,D,G,7,-0.3
1STNA,22,T,S,7,0.6
1STNA,22,T,I,7,0.7
1STNA,22,T,V,7,0.9
1STNA,22,T,C,7,0.9
1STNA,22,T,A,7,1.6
1STNA,22,T,G,7,2.4
1STNA,108,L,I,7,3.4
1STNA,108,L,V,7,3.9
1STNA,108,L,A,7,5.8
1STNA,108,L,G,7,7.2
1STNA,72,I,L,7,0.2
1STNA,72,I,V,7,1.8
1STNA,72,I,M,7,1.8
1STNA,72,I,A,7,5.1
1STNA,72,I,G,7,6.5
1STNA,128,S,A,7,-0.7
1STNA,128,S,F,7,1
1STNA,128,S,G,7,1.6
1STNA,17,A,G,7,0.3
1STNA,17,A,V,7,1.9
1STNA,37,L,A,7,1.75
1STNA,37,L,I,7,2
1STNA,37,L,V,7,3
1STNA,37,L,G,7,3.85
1STNA,12,A,V,7,1.1
1STNA,12,A,G,7,2.4
1STNA,93,Y,A,7,6.5
1STNA,93,Y,G,7,7.5
1STNA,93,Y,F,7,2
1STNA,93,Y,L,7,4.5
1STNA,111,V,I,7,0.7
1STNA,111,V,L,7,0.9
1STNA,111,V,T,7,2.3
1STNA,111,V,A,7,4.45
1STNA,111,V,S,7,4.8
1STNA,111,V,G,7,4.9
1STNA,129,E,A,7,2.4
1STNA,129,E,G,7,3.8
1STNA,129,E,F,7,4
1STNA,76,F,A,7,4.05
1STNA,76,F,G,7,4.7
1STNA,42,P,A,7,-0.1
1STNA,42,P,G,7,0.4
1STNA,102,A,G,7,1.3
1STNA,102,A,V,7,1.9
1STNA,102,A,F,7,1.9
1STNA,79,G,S,6.47,2.11
1STNA,79,G,D,7,2.28
1STNA,79,G,A,7,2.35
1STNA,79,G,V,7,2.4
1STNA,98,M,I,7,4.4
1STNA,98,M,G,7,4.5
1STNA,98,M,A,7,4.6
1STNA,112,A,G,7,0
1STNA,112,A,C,7,0.8
1STNA,112,A,F,7,1.45
1STNA,112,A,V,7,1.5
1STNA,27,Y,F,7,0.4
1STNA,27,Y,W,7,0.6
1STNA,27,Y,L,7,1.5
1STNA,27,Y,H,7,1.6
1STNA,27,Y,M,7,2
1STNA,27,Y,I,7,2.5
1STNA,27,Y,R,7,2.9
1STNA,27,Y,C,7,2.9
1STNA,27,Y,S,7,3
1STNA,27,Y,V,7,3
1STNA,27,Y,Q,7,3.2
1STNA,27,Y,T,7,3.3
1STNA,27,Y,A,7,3.5
1STNA,27,Y,K,7,3.9
1STNA,27,Y,N,7,4
1STNA,27,Y,E,7,5
1STNA,27,Y,D,7,5.4
1STNA,27,Y,G,7,5.45
1STNA,27,Y,P,7,6.1
1STNA,59,S,A,7,-0.4
1STNA,59,S,F,7,0
1STNA,59,S,G,7,1.1
1STNA,69,A,G,7,2
1STNA,69,A,V,7,2.3
1STNA,69,A,T,7,2.98
1STNA,89,L,I,7,1.1
1STNA,89,L,V,7,1.4
1STNA,89,L,A,7,2.6
1STNA,89,L,G,7,3.2
1STNA,10,E,A,7,1.3
1STNA,10,E,Q,7,1.3
1STNA,10,E,G,7,1.8
1STNA,10,E,K,7,2.2
1STNA,89,L,F,5.38,1.2
1STNA,44,T,V,7,-0.1
1STNA,44,T,S,7,0
1STNA,44,T,C,7,0.2
1STNA,44,T,A,7,0.4
1STNA,44,T,I,7,0.6
1STNA,44,T,G,7,0.6
1STNA,114,V,A,7,0
1STNA,114,V,I,7,0.1
1STNA,114,V,G,7,0.2
1STNA,114,V,L,7,1.1
1STNA,114,V,S,7,0
1STNA,114,V,T,7,0.3
1STNA,119,N,A,7,1.25
1STNA,119,N,G,7,1.25
1STNA,50,G,A,7,-0.25
1STNA,50,G,F,7,0.6
1STNA,50,G,C,7,0.8
1STNA,50,G,V,7,1.1
1STNA,122,E,A,7,0.4
1STNA,122,E,F,7,0.8
1STNA,122,E,Q,7,1.6
1STNA,122,E,G,7,2.2
1STNA,122,E,K,7,2.7
1STNA,65,M,L,7,0.8
1STNA,65,M,A,7,2
1STNA,65,M,G,7,4.6
1STNA,65,M,F,7,1.6
1STNA,33,T,I,7,-0.6
1STNA,33,T,V,7,-0.4
1STNA,33,T,C,7,1.2
1STNA,33,T,S,7,1.25
1STNA,33,T,A,7,1.4
1STNA,33,T,G,7,2.5
1STNA,101,E,A,7,1.9
1STNA,83,D,G,7,2.75
1STNA,101,E,G,7,3.1
1STNA,101,E,F,7,3.1
1STNA,83,D,A,7,3.85
1STNA,83,D,F,7,5.2
1STNA,121,H,A,7,3.1
1STNA,121,H,G,7,4.2
1STNA,35,R,A,7,1.4
1STNA,35,R,G,7,2.2
1STNA,46,H,Y,5.38,0
1STNA,46,H,G,7,0.4
1STNA,46,H,A,7,0.5
1STNA,52,E,A,7,0.1
1STNA,52,E,G,7,0.4
1STNA,52,E,F,7,0.7
1STNA,14,L,I,7,1.5
1STNA,14,L,V,7,1.5
1STNA,14,L,A,7,2.3
1STNA,14,L,G,7,3.7
1STNA,43,E,G,7,-0.5
1STNA,43,E,A,7,-0.3
1STNA,43,E,D,7,-0.2
1STNA,7,L,I,7,0.9
1STNA,7,L,V,7,1.4
1STNA,7,L,G,7,1.5
1STNA,7,L,A,7,1.6
1STNA,32,M,A,7,1.7
1STNA,32,M,G,7,2.4
1STNA,32,M,I,7,0.6
1STNA,32,M,L,7,0.8
1STNA,139,I,L,7,0.1
1STNA,139,I,M,7,0.4
1STNA,139,I,V,7,1.5
1STNA,54,Y,G,7,1.85
1STNA,54,Y,A,7,2.15
1STNA,139,I,A,7,3.5
1STNA,139,I,G,7,4.4
1STNA,54,Y,F,7,0.5
1STNA,54,Y,L,7,3.4
1STNA,138,N,G,7,-0.15
1STNA,138,N,A,7,1.05
1STNA,73,E,Q,7,0.7
1STNA,73,E,F,7,1.1
1STNA,73,E,A,7,1.4
1STNA,73,E,K,7,2.1
1STNA,73,E,G,7,2.7
1STNA,86,G,A,7,0.55
1STNA,86,G,F,7,2
1STNA,86,G,V,7,3.7
1STNA,18,I,L,7,0.2
1STNA,18,I,M,6.68,0.54
1STNA,18,I,V,7,1.1
1STNA,18,I,A,7,2.5
1STNA,18,I,G,7,2.55
1STNA,120,T,S,7,0.6
1STNA,120,T,A,7,1.2
1STNA,120,T,C,7,1.7
1STNA,120,T,I,7,1.7
1STNA,120,T,V,7,1.8
1STNA,120,T,G,7,2.1
1STNA,96,G,A,7,1.75
1STNA,96,G,F,7,3
1STNA,96,G,V,7,3.7
1STNA,140,W,H,7,0.4
1STNA,140,W,F,7,0.6
1STNA,140,W,Y,7,1.1
1STNA,140,W,L,7,4.5
1STNA,61,F,A,7,2.35
1STNA,61,F,G,7,4.75
1STNA,95,D,G,7,2.83
1STNA,95,D,A,7,3.4
1STNA,95,D,F,7,5.3
1STNA,137,L,I,7,0.8
1STNA,137,L,V,7,1.4
1STNA,137,L,A,7,2.3
1STNA,137,L,G,7,4.6
1STNA,130,A,G,7,1.1
1STNA,130,A,V,7,1.2
1STNA,131,Q,A,7,0.2
1STNA,131,Q,F,7,0.7
1STNA,131,Q,G,7,2.4
1STNA,87,R,A,7,0.9
1STNA,87,R,G,7,2.6
1STNA,60,A,F,7,0.8
1STNA,60,A,C,7,1.2
1STNA,60,A,G,7,1.45
1STNA,60,A,V,7,2.85
1STNA,56,P,A,7,0
1STNA,56,P,G,7,1
1STNA,40,D,A,7,-0.2
1STNA,40,D,G,7,0.5
1STNA,117,P,T,7,-1.1
1STNA,117,P,G,7,-0.9
1STNA,117,P,A,7,-0.8
1STNA,117,P,F,7,-0.3
1STNA,117,P,L,7,-0.2
1STNA,15,I,M,7,0.3
1STNA,15,I,L,7,0.6
1STNA,15,I,V,7,0.8
1STNA,15,I,A,7,2.65
1STNA,15,I,G,7,3.3
1STNA,106,Q,A,7,-0.1
1STNA,106,Q,G,7,1.5
1STNA,26,M,L,7,0.5
1STNA,26,M,I,7,0.9
1STNA,26,M,A,7,1.5
1STNA,26,M,G,7,2.2
1STNA,82,T,I,7,-0.5
1STNA,82,T,V,7,-0.2
1STNA,82,T,C,7,0.1
1STNA,82,T,S,7,0.7
1STNA,82,T,A,7,0.9
1STNA,82,T,G,7,2
1STNA,29,G,C,7,1.1
1STNA,29,G,A,7,1.25
1STNA,29,G,F,7,1.25
1STNA,29,G,V,7,3
1STNA,24,K,A,7,0.2
1STNA,24,K,F,7,0.6
1STNA,24,K,G,7,1.2
1STNA,105,R,A,7,1.4
1STNA,105,R,G,7,2.4
1STNA,105,R,C,7,2.7
1STNA,105,R,F,7,3.1
1STNA,31,P,A,7,0.5
1STNA,31,P,G,7,1.6
1STNA,135,E,A,7,0.7
1STNA,135,E,Q,7,0.7
1STNA,135,E,K,7,1.1
1STNA,135,E,F,7,1.2
1STNA,135,E,G,7,1.7
1STNA,67,E,Q,7,0.5
1STNA,67,E,G,7,0.9
1STNA,67,E,A,7,1
1STNA,67,E,F,7,1.4
1STNA,57,E,K,7,0.1
1STNA,57,E,Q,7,0.2
1STNA,57,E,A,7,0.2
1STNA,57,E,C,7,0.7
1STNA,57,E,F,7,0.8
1STNA,57,E,G,7,1.6
1STNA,133,K,Q,7,0.5
1STNA,133,K,A,7,1.4
1STNA,133,K,F,7,1.4
1STNA,133,K,G,7,3.3
1STNA,13,T,I,7,0.1
1STNA,13,T,S,7,0.3
1STNA,13,T,V,7,0.4
1STNA,13,T,A,7,0.7
1STNA,13,T,G,7,1.1
1STNA,13,T,C,7,1.4
1STNA,126,R,A,7,1.7
1STNA,126,R,G,7,2.9
1STNA,124,H,L,5.73,-1.29
1STNA,124,H,Q,7,-0.6
1STNA,124,H,A,7,-0.4
1STNA,124,H,F,7,-0.3
1STNA,124,H,E,7,-0.2
1STNA,124,H,G,7,0.5
1STNA,9,K,F,7,1.2
1STNA,9,K,A,7,1.4
1STNA,9,K,G,7,1.9
1STNA,63,K,A,7,0.5
1STNA,63,K,Q,7,1
1STNA,63,K,E,7,1.5
1STNA,63,K,G,7,1.5
1STNA,63,K,F,7,2
1STNA,51,V,I,7,-0.1
1STNA,51,V,L,7,0.2
1STNA,51,V,A,7,0.25
1STNA,51,V,G,7,0.35
1STNA,51,V,T,7,-0.2
1STNA,51,V,S,7,0.1
1STNA,110,K,A,7,1.3
1STNA,110,K,G,7,2.7
1STNA,30,Q,A,7,0.3
1STNA,30,Q,G,7,0.9
1STNA,141,S,A,7,0.24
1STNA,141,S,G,7,0.9
1STNA,68,N,A,7,0.5
1STNA,68,N,G,7,0.5
1STNA,123,Q,A,7,0.4
1STNA,123,Q,G,7,0.6
1STNA,123,Q,F,7,0.7
1STNA,11,P,A,7,0.4
1STNA,11,P,F,7,0.6
1STNA,11,P,G,7,1
1STNA,16,K,A,7,0.2
1STNA,16,K,F,7,0.5
1STNA,16,K,G,7,0.7
1STNA,8,H,A,7,0.4
1STNA,8,H,G,7,0.8
1STNA,80,Q,A,7,0.1
1STNA,80,Q,F,7,0.7
1STNA,80,Q,G,7,1.4
1STNA,81,R,A,7,1.1
1STNA,81,R,G,7,2.2
1STNA,47,P,G,7,0.1
1STNA,47,P,F,7,0.3
1STNA,47,P,A,7,0.6
1STNA,45,K,A,7,-0.3
1STNA,45,K,G,7,-0.2
1STNA,78,K,F,7,-0.1
1STNA,78,K,Q,7,0.1
1STNA,78,K,C,7,0.4
1STNA,78,K,A,7,0.6
1STNA,78,K,E,7,0.8
1STNA,78,K,G,7,1.1
1STNA,97,K,A,7,0.1
1STNA,97,K,Q,7,0.4
1STNA,97,K,E,7,0.6
1STNA,97,K,F,7,0.7
1STNA,97,K,G,7,1.7
1STNA,71,K,F,7,0
1STNA,71,K,A,7,0.4
1STNA,71,K,G,7,1.1
1STNA,127,K,A,7,-0.2
1STNA,127,K,E,7,0
1STNA,127,K,Q,7,0
1STNA,127,K,F,7,0.3
1STNA,127,K,G,7,0.7
1STNA,49,K,F,7,0
1STNA,49,K,G,7,0.2
1STNA,49,K,A,7,0.3
1STNA,136,K,G,7,0.05
1STNA,136,K,A,7,0.8
1STNA,136,K,F,7,1.2
1STNA,64,K,A,7,-0.1
1STNA,64,K,Q,7,0
1STNA,64,K,F,7,0.3
1STNA,64,K,G,7,0.4
1STNA,64,K,E,7,1.6
1STNA,134,K,A,7,-0.1
1STNA,134,K,F,7,0.4
1STNA,134,K,G,7,0.7
1STNA,134,K,C,7,0.7
1STNA,115,Y,F,7,0.1
1STNA,115,Y,L,7,0.3
1STNA,115,Y,A,7,0.3
1STNA,115,Y,G,7,0.7
1STNA,85,Y,F,7,0.07
1STNA,85,Y,L,7,0.1
1STNA,85,Y,A,7,0.4
1STNA,85,Y,G,7,1
1STNA,28,K,Q,7,0.3
1STNA,28,K,G,7,0.7
1STNA,28,K,A,7,0.7
1STNA,28,K,E,7,0.8
1STNA,28,K,F,7,0.9
1STNA,53,K,A,7,0.2
1STNA,53,K,G,7,0.3
1STNA,116,K,G,7,-1
1STNA,116,K,A,7,-0.7
1STNA,116,K,F,7,0.1
1STNA,113,Y,L,7,-0.2
1STNA,113,Y,A,7,-0.05
1STNA,113,Y,F,7,0
1STNA,113,Y,G,7,0.25
1STNA,70,K,F,7,0.1
1STNA,70,K,A,7,0.1
1STNA,70,K,Q,7,0.3
1STNA,70,K,E,7,0.4
1STNA,70,K,W,7,0.5
1STNA,70,K,G,7,0.5
1STNA,70,K,C,7,0.5
1STNA,84,K,A,7,-0.2
1STNA,84,K,E,7,0
1STNA,84,K,Q,7,0.1
1STNA,84,K,G,7,0.3
1STNA,84,K,F,7,0.9
1STNA,48,K,G,7,-0.2
1STNA,48,K,A,7,-0.1
1STNA,48,K,E,7,0
1STNA,48,K,Q,7,0.1
1STNA,48,K,F,7,0.5
1STNA,6,K,G,7,-0.3
1STNA,6,K,A,7,-0.3
1SUPA,169,G,A,8,-0.3
1SUPA,50,M,F,8,-0.48
1SUPA,206,Q,C,8,-1.25
1SUPA,217,Y,K,8,-0.72
1SUPA,218,N,S,8,-1.07
1SUPA,76,N,D,8,-0.45
1TENA,875,S,A,5,-0.04
1TENA,821,I,V,5,0.23
1TENA,873,L,A,5,3.06
1TENA,821,I,A,5,3.67
1TENA,835,L,A,5,4.29
1TENA,871,V,A,5,2.81
1TENA,833,I,V,5,0.5
1TENA,833,I,A,5,3.28
1TENA,819,A,G,5,2.8
1TENA,826,P,A,5,1.73
1TENA,830,I,V,5,0.32
1TENA,830,I,A,5,1.38
1TENA,806,P,A,5,2.74
1TENA,860,I,V,5,0.83
1TENA,860,I,A,5,2.06
1TENA,869,Y,A,5,-1.88
1TENA,869,Y,F,5,-0.05
1TENA,851,L,A,5,2.99
1TENA,882,S,A,5,2.28
1TENA,863,L,A,5,4.22
1TENA,809,I,V,5,0.18
1TENA,809,I,A,5,2.86
1TENA,867,T,S,5,1.22
1TENA,889,F,A,5,5.43
1TENA,811,V,A,5,1.36
1TENA,885,A,G,5,1.09
1TENA,837,Y,A,5,4.22
1TENA,849,I,A,5,2.19
1TENA,858,Y,A,5,1.38
1TENA,858,Y,G,5,4.14
1TENA,887,E,A,5,-1.61
1TENA,887,E,G,5,0.34
1TENA,865,P,A,5,0.93
1TENA,884,P,A,5,0.11
1THQA,24,D,N,8,0.6
1THQA,58,S,A,8,1.26
1THQA,139,Q,A,8,0.97
1THQA,137,T,A,8,0.51
1THQA,90,E,A,8,0.66
1THQA,108,T,A,8,0.4
1THQA,130,S,A,8,1.27
1THQA,87,Y,F,8,1.37
1THQA,72,M,A,8,0.34
1THQA,160,Q,A,8,-0.18
1THQA,85,A,G,8,0.87
1THQA,157,M,A,8,0.77
1THQA,153,Y,A,8,0.55
1THQA,94,R,A,8,1.53
1THQA,23,Y,A,8,0.91
1THQA,105,L,A,8,0.76
1THQA,51,W,A,8,0.45
1THQA,55,F,A,8,1.05
1THQA,17,W,A,8,0.98
1TITA,73,F,L,7.4,-3.06
1TITA,63,C,S,7.3,-5.43
1TITA,58,L,A,7.4,-3.61
1TITA,23,I,A,7.4,-2.89
1TITA,86,V,A,7.4,-4.78
1TITA,13,V,A,7.4,-2.37
1TITA,60,L,A,7.4,-5.27
1TITA,41,L,A,7.4,-2.67
1TITA,9,Y,S,7.4,0.2
1TITA,9,Y,F,7.4,0.4
1TITA,9,Y,G,7.4,0.8
1TITA,9,Y,P,7.4,2.2
1TPKA,65,V,I,4.5,-0.3
1TPKA,65,V,T,4.5,1
1TPKA,65,V,L,4.5,1.9
1TPKA,65,V,A,4.5,2
1TPKA,65,V,M,4.5,2.2
1TPKA,65,V,S,4.5,2.4
1TTGA,20,I,V,5,0.41
1TTGA,34,I,V,5,0.41
1TTGA,20,I,A,5,0.74
1TTGA,34,I,A,5,5.02
1TTGA,70,I,V,5,0.61
1TTGA,70,I,A,5,3.72
1TTGA,32,Y,F,5,0.41
1TTGA,32,Y,L,5,2.61
1TTGA,32,Y,A,5,4.17
1TTGA,59,I,V,5,1.12
1TTGA,59,I,A,5,3.66
1TTGA,18,L,A,5,0.87
1TTGA,72,V,A,5,3.33
1TTGA,74,A,G,5,1.38
1TTGA,68,Y,F,5,2.03
1TTGA,50,V,A,5,2.42
1TTGA,8,L,A,5,1.64
1TTGA,22,W,F,5,1.94
1TTGA,62,L,A,5,2.94
1TTGA,29,V,A,5,1.45
1TTGA,57,A,G,5,2.81
1TTGA,88,I,V,5,0.35
1TTGA,88,I,A,5,0.35
1TTGA,85,S,A,5,-0.11
1TTGA,36,Y,A,5,2.29
1TTGA,13,A,G,5,0.93
1TTGA,10,V,A,5,1.38
1TTGA,66,V,A,5,0.67
1TTGA,90,I,V,5,0.28
1TTGA,90,I,A,5,0.35
1TTGA,25,P,A,5,0.48
1TTGA,92,Y,F,5,-0.11
1TTGA,92,Y,A,5,1.19
1TTGA,87,P,A,5,0.21
1TTGA,48,F,A,5,2.16
1TTGA,64,P,A,5,0.41
1TTGA,82,P,A,5,0.42
1TUPA,175,R,H,7.2,3.01
1TUPA,242,C,S,7.2,2.94
1TUPA,249,R,S,7.2,1.95
1TUPA,273,R,H,7.2,0.35
1TUPA,248,R,Q,7.2,1.94
1UBQA,26,V,I,5,-1.1
1UBQA,26,V,L,5,-0.3
1UBQA,26,V,A,5,3.3
1UBQA,26,V,G,5,6.3
1UBQA,61,I,V,7.4,1.05
1UBQA,13,I,A,7.4,3.39
1UBQA,27,K,A,7.4,2.58
1UBQA,6,K,E,5.5,-0.79
1UWOA,3,L,A,7.2,0.33
1UWOA,3,L,S,7.2,0.43
1UWOA,7,M,A,7.2,2.95
1UWOA,14,F,A,7.2,5.47
1UWOA,11,I,A,7.2,1.53
1UZCA,24,L,A,5.7,1
1UZCA,43,I,V,5.7,1.3
1UZCA,61,A,G,5.7,2.2
1UZCA,39,A,G,5.7,1.9
1UZCA,52,L,A,5.7,2.9
1UZCA,30,V,A,5.7,3.3
1UZCA,51,A,G,5.7,1.1
1UZCA,20,A,G,5.7,2.4
1UZCA,65,Y,F,5.7,0.8
1UZCA,17,A,G,5.7,0.6
1UZCA,58,K,A,5.7,2.1
1UZCA,49,Y,F,5.7,0.3
1UZCA,49,Y,A,5.7,2.6
1UZCA,46,D,N,5.7,2.3
1UZCA,64,A,G,5.7,0.9
1UZCA,36,W,F,5.7,-0.6
1UZCA,32,S,A,5.7,0
1UZCA,47,P,G,5.7,0.9
1UZCA,11,W,F,5.7,0.2
1UZCA,35,S,A,5.7,1
1UZCA,56,S,G,5.7,0.5
1UZCA,56,S,A,5.7,0.5
1UZCA,31,P,G,5.7,1.1
1UZCA,50,S,G,5.7,0.1
1UZCA,50,S,A,5.7,0.2
1UZCA,44,I,A,5.7,0.2
1UZCA,44,I,G,5.7,0.3
1UZCA,44,I,V,5.7,0.3
1UZCA,13,T,S,5.7,-0.1
1UZCA,13,T,A,5.7,1
1UZCA,42,M,A,5.7,1.6
1UZCA,19,Q,A,5.7,0.2
1UZCA,19,Q,G,5.7,1.3
1UZCA,38,Q,A,5.7,0.3
1UZCA,38,Q,G,5.7,1.6
1UZCA,26,K,A,5.7,-0.1
1UZCA,26,K,G,5.7,0.8
1UZCA,67,V,A,5.7,-0.6
1UZCA,67,V,G,5.7,0.1
1UZCA,53,A,G,5.7,0.3
1UZCA,60,Q,A,5.7,-0.2
1UZCA,60,Q,G,5.7,0.8
1UZCA,27,E,A,5.7,0.6
1UZCA,27,E,G,5.7,1.6
1UZCA,33,N,G,5.7,0.4
1UZCA,15,E,A,5.7,0.3
1UZCA,15,E,G,5.7,1
1VQBA,33,C,V,7,0.2
1VQBA,33,C,A,7,0.5
1VQBA,33,C,I,7,0.9
1VQBA,67,S,T,7,1.6
1VQBA,33,C,L,7,2.6
1VQBA,33,C,M,7,3.5
1VQBA,67,S,C,7,3.7
1VQBA,33,C,S,7,4.25
1VQBA,33,C,T,7,4.6
1VQBA,6,I,V,7,0.7
1VQBA,47,I,L,7,0.57
1VQBA,47,I,F,7,1.7
1VQBA,47,I,M,7,2
1VQBA,47,I,V,7,2.37
1VQBA,47,I,C,7,4.67
1VQBA,47,I,A,7,6.63
1VQBA,47,I,T,7,7.4
1VQBA,35,V,I,7,0.63
1VQBA,35,V,M,7,1.07
1VQBA,35,V,C,7,1.1
1VQBA,35,V,A,7,2.03
1VQBA,35,V,L,7,2.13
1VQBA,35,V,F,7,3
1VQBA,35,V,T,7,5.3
1VQBA,49,L,I,7,1.9
1VQBA,49,L,V,7,2.9
1VQBA,49,L,C,7,4.1
1VQBA,49,L,T,7,5.7
1VQBA,49,L,A,7,6.1
1VQBA,48,T,V,7,0
1VQBA,48,T,C,7,0.8
1VQBA,81,L,V,7,0.2
1VQBA,81,L,C,7,3.7
1VQBA,81,L,T,7,5.1
1VQBA,63,V,C,7,4.1
1VQBA,63,V,T,7,5
1VQBA,30,E,F,7,-2.05
1VQBA,30,E,M,7,-0.65
1VQBA,30,E,N,7,1.1
1VQBA,50,D,H,7,1.55
1VQBA,45,V,C,7,0.1
1VQBA,36,D,N,7,1
1VQBA,36,D,C,7,2.05
1VQBA,45,V,A,7,2.1
1VQBA,45,V,L,7,3
1VQBA,45,V,T,7,3.5
1VQBA,82,R,C,7,1.5
1VQBA,62,T,V,7,-1.3
1VQBA,62,T,C,7,0.7
1VQBA,43,V,T,7,1.6
1VQBA,43,V,C,7,2.1
1VQBA,28,L,V,7,-1.1
1VQBA,68,F,L,7,4.25
1VQBA,68,F,V,7,5
1VQBA,64,H,C,7,-0.5
1VQBA,32,L,W,7,-2.8
1VQBA,32,L,Y,7,-1
1VQBA,32,L,H,7,0.9
1VQBA,32,L,R,7,1.6
1VQBA,26,Y,R,7,0.4
1VQBA,13,F,T,7,0.7
1VQBA,69,K,M,7,-0.15
1VQBA,69,K,H,7,1.25
1VQBA,77,M,I,7,-1.6
1VQBA,77,M,V,7,-1.2
1VQBA,77,M,C,7,0
1VQBA,77,M,F,7,0.2
1VQBA,77,M,T,7,0.8
1VQBA,77,M,L,7,1.2
1VQBA,77,M,A,7,2.1
1VQBA,78,I,V,7,1.3
1VQBA,78,I,C,7,4.4
1VQBA,78,I,T,7,6.6
1VQBA,86,A,V,7,-0.5
1VQBA,86,A,T,7,0.7
1VQBA,19,V,C,7,0.3
1VQBA,19,V,T,7,0.6
1VQBA,70,V,C,7,3.2
1VQBA,70,V,T,7,3.5
1VQBA,70,V,P,7,5.05
1VQBA,37,L,I,7,1.4
1VQBA,37,L,V,7,3.5
1VQBA,37,L,C,7,4.6
1VQBA,37,L,T,7,5.2
1VQBA,37,L,A,7,7.7
1VQBA,65,L,P,7,1.5
1VQBA,24,K,V,7,-0.8
1VQBA,40,E,T,7,0.4
1VQBA,40,E,C,7,1.6
1VQBA,41,Y,A,7,0.4
1VQBA,41,Y,F,7,0.6
1VQBA,73,F,W,7,-0.8
1W4HA,135,I,A,7,-1.24
1W4HA,146,A,G,7,-0.56
1W4HA,149,I,V,7,-0.7
1W4HA,132,S,G,7,-0.57
1W4HA,166,H,G,7,-1.87
1W4HA,138,L,A,7,-1.6
1W4HA,159,T,S,7,-1.32
1W4HA,144,L,A,7,-1.37
1W4HA,167,L,A,7,-0.67
1W4HA,134,A,G,7,-0.32
1W4HA,131,L,A,7,-0.9
1W4HA,148,A,G,7,-0.52
1W4HA,140,A,G,7,-0.93
1W4HA,152,T,A,7,-1.68
1W4HA,154,V,G,7,-0.98
1WQ5A,211,G,E,7.8,-1.1
1WQ5A,211,G,V,7.8,-1.05
1WQ5A,211,G,R,7.8,0.11
1WQ5A,211,G,S,7.8,0.15
1WQ5A,81,C,A,9,0.69
1WQ5A,211,G,D,7.8,0.8
1WQ5A,154,C,A,9,1.03
1WQ5A,154,C,V,9,1.12
1WQ5A,81,C,V,9,1.32
1WQ5A,118,C,V,9,1.34
1WQ5A,118,C,A,9,1.36
1WQ5A,81,C,S,9,1.41
1WQ5A,81,C,G,9,1.58
1WQ5A,154,C,S,9,1.72
1WQ5A,211,G,W,7.8,1.95
1WQ5A,118,C,S,9,2.27
1WQ5A,50,L,A,7.8,2.99
1WQ5A,176,L,A,7.8,4.01
1WQ5A,22,F,L,7.8,-1.4
1WQ5A,37,I,A,7.8,4.42
1WQ5A,49,E,I,8,-3.79
1WQ5A,49,E,L,8,-3.67
1WQ5A,49,E,M,7.59,-3.13
1WQ5A,49,E,V,7.64,-2.43
1WQ5A,49,E,H,8,-1.51
1WQ5A,49,E,C,8,-1.33
1WQ5A,49,E,F,8,-1.15
1WQ5A,49,E,K,8,-0.42
1WQ5A,49,E,P,8,-0.41
1WQ5A,49,E,A,8,-0.41
1WQ5A,49,E,Y,7.64,-0.41
1WQ5A,49,E,T,8,-0.16
1WQ5A,49,E,D,8,-0.07
1WQ5A,49,E,S,7.64,0.01
1WQ5A,49,E,W,8,0.02
1WQ5A,49,E,G,8,0.04
1WQ5A,49,E,N,8,0.05
1WQ5A,49,E,Q,7.56,0.58
1WQ5A,99,L,A,7.8,4.07
1WQ5A,96,P,A,7.67,2.1
1WQ5A,127,L,A,7.8,1.28
1WQ5A,175,Y,C,7.8,0.6
1WQ5A,234,G,D,7.8,-3.4
1WQ5A,234,G,K,7.8,-0.2
1WQ5A,139,F,W,7.8,0.64
1WQ5A,258,F,W,7.8,1.17
1WQ5A,28,P,G,7.27,1.58
1WQ5A,28,P,A,7.16,2.62
1WQ5A,207,P,A,7.4,1.51
1WQ5A,132,P,G,7.67,0.65
1WQ5A,132,P,A,7.67,0.91
1YCCA,6,G,A,7,3.5
1YCCA,71,P,V,6,1
1YCCA,71,P,I,6,1.7
1YCCA,71,P,T,6,1.7
1YCCA,102,C,T,5.93,-3.11
1YCCA,102,C,A,6,-2.9
1YCCA,102,C,S,6,-2.8
1YCCA,85,L,A,6,2.8
1YCCA,20,V,C,7.2,1.1
1YCCA,52,N,L,5.8,-3.8
1YCCA,52,N,M,5.2,-3.18
1YCCA,52,N,I,5.09,-2.97
1YCCA,52,N,V,5.2,-2.02
1YCCA,52,N,A,5.8,-1.97
1YCCA,52,N,T,4.82,-0.83
1YCCA,52,N,F,7,0.06
1YCCA,52,N,S,5.15,0.3
1YCCA,52,N,Q,5.8,0.52
1YCCA,52,N,H,5.8,1.52
1YCCA,33,H,Y,7,0.3
1YCCA,82,F,Y,6,0.7
1YCCA,26,H,Y,7,1.96
1YCCA,76,P,G,4.6,0.78
1YCCA,76,P,R,4.6,0.97
1YCCA,76,P,V,4.6,1.07
1YCCA,76,P,S,4.6,1.89
1YCCA,76,P,Y,4.6,2.07
1YCCA,76,P,W,4.6,2.38
1YCCA,76,P,L,4.6,3.44
1YCCA,73,K,R,7.5,0.03
1YCCA,73,K,L,7.5,0.03
1YCCA,73,K,A,7.5,0.45
1YCCA,73,K,G,7.5,0.74
1YCCA,73,K,I,6.5,0.99
1YCCA,73,K,V,6.5,1
1YCCA,73,K,W,6,1.5
1YCCA,73,K,H,5.83,1.55
1YEAA,71,P,T,7.2,0.8
1YEAA,76,P,G,6,1.2
1ZNJB,26,Y,T,8,0.3
1ZNJB,10,H,E,8,-1.44
1ZNJB,10,H,D,8,-1.3
1ZNJB,10,H,T,8,0.22
1ZNJB,9,S,D,8,-0.1
1ZNJB,25,F,H,8,-1
1ZNJB,25,F,D,8,-0.6
1ZNJA,8,T,H,8,-1.76
1ZNJA,8,T,R,8,-1.25
1ZNJA,8,T,A,8,-0.16
2A36A,22,T,G,6,-3.6
2ABDA,5,F,A,5.3,2.58
2ABDA,69,A,G,5.3,1.55
2ABDA,15,L,A,5.3,3.34
2ABDA,33,Q,A,5.3,3.35
2ABDA,80,L,A,5.3,4.14
2ABDA,73,Y,F,5.3,-0.15
2ABDA,73,Y,A,5.3,4.67
2ABDA,77,V,A,5.3,1.34
2ABDA,19,P,A,5.3,0.99
2ABDA,34,A,G,5.3,1.33
2ABDA,39,I,A,5.3,1.06
2ABDA,12,V,A,5.3,1.6
2ABDA,9,A,G,5.3,1.91
2ABDA,25,L,A,5.3,1.52
2ABDA,74,I,A,5.3,1.34
2ABDA,21,D,A,5.3,-0.01
2ABDA,21,D,H,5.3,0.56
2ABDA,54,K,M,5.3,-0.03
2ABDA,54,K,A,5.3,1.14
2ABDA,26,F,A,5.3,1.53
2ABDA,44,P,A,5.3,1.32
2ABDA,35,T,A,5.3,1.19
2ABDA,32,K,A,5.3,1.32
2ABDA,32,K,E,5.3,1.58
2ABDA,32,K,R,5.3,2.03
2ABDA,28,Y,F,5.3,1.16
2ABDA,28,Y,N,5.3,2.35
2ABDA,28,Y,A,5.3,2.5
2ABDA,31,Y,N,5.3,1.25
2ABDA,52,K,M,5.3,-0.33
2ABDA,67,E,A,5.3,0.58
2ADAA,161,W,F,7.4,-7.34
2ADAA,272,W,F,7.4,-4.68
2ADAA,117,W,F,7.4,-4.74
2ADAA,264,W,F,7.4,-8.64
2AFGA,44,L,P,6.6,-0.69
2AFGA,44,L,F,7.3,-0.56
2AFGA,44,L,W,6.6,-0.12
2AFGA,16,C,S,6.6,2.89
2AFGA,83,C,S,6.6,1.61
2AFGA,85,F,W,6.6,0.1
2AFGA,109,V,L,6.6,0.57
2AFGA,132,F,W,6.6,0.38
2AFGA,109,V,I,7.3,0.05
2AFGA,21,H,Y,7.3,-0.7
2AFGA,73,L,V,6.6,1.46
2AFGA,102,H,Y,7.3,-0.3
2AFGA,31,V,W,6.6,-0.96
2AFGA,108,F,Y,7.3,-0.51
2AFGA,117,C,S,6.6,0.61
2AFGA,117,C,I,6.6,-0.36
2AFGA,103,A,G,6.6,0.41
2AFGA,62,G,N,6.6,0.79
2AFGA,62,G,A,6.6,1.43
2AFGA,106,N,G,6.6,-0.38
2AFGA,93,H,G,6.6,-1.3
2AFGA,93,H,N,6.6,-0.29
2AFGA,93,H,A,6.6,0.43
2AKYA,213,I,F,7.5,1.91
2AKYA,8,V,I,7.5,1.2
2AKYA,169,N,D,7.5,2.15
2AKYA,77,T,H,7.5,2.15
2BRDA,49,V,A,6,-0.7
2BRDA,57,Y,A,6,3.7
2BRDA,46,T,A,6,2.2
2BRDA,50,P,A,6,-0.1
2BRDA,60,M,A,6,0.8
2BRDA,42,F,A,6,1.6
2BRDA,35,S,A,6,0.3
2BRDA,45,I,A,6,1.9
2BRDA,59,S,A,6,-0.1
2BRDA,47,T,A,6,1
2BRDA,43,Y,A,6,1.3
2BRDA,56,M,A,6,-1.4
2BRDA,52,I,A,6,1.4
2BRDA,61,L,A,6,-0.7
2BRDA,41,K,A,6,1.6
2BRDA,54,F,A,6,1
2BRDA,58,L,A,6,-0.3
2BRDA,38,D,A,6,0.5
2BRDA,55,T,A,6,0.1
2BRDA,48,L,A,6,0.1
2BRDA,37,P,A,6,0.2
2BRDA,40,K,A,6,0.3
2BRDA,36,D,A,6,0.9
2BRDA,62,L,A,6,-0.5
2CI2I,39,I,V,5.61,1.16
2CI2I,35,A,G,6.25,1.25
2CI2I,39,I,L,7,1.96
2CI2I,66,V,A,5.37,4.92
2CI2I,68,L,A,5.37,3.7
2CI2I,27,L,A,5.48,2.44
2CI2I,76,I,V,5.48,-0.1
2CI2I,76,I,A,4.78,4.21
2CI2I,80,P,A,6.25,3.42
2CI2I,43,K,A,5.85,0.5
2CI2I,43,K,G,6.25,3.34
2CI2I,70,V,A,5.48,1.74
2CI2I,82,V,T,6.3,1.15
2CI2I,82,V,A,6.3,1.45
2CI2I,82,V,G,6.3,3.5
2CI2I,31,S,G,5.33,0.15
2CI2I,31,S,A,5.45,0.67
2CI2I,64,D,A,6.25,0.91
2CI2I,48,I,V,5.6,0.97
2CI2I,48,I,A,5.37,3.68
2CI2I,69,F,V,6.25,1.9
2CI2I,69,F,L,6.27,2.05
2CI2I,69,F,A,6.25,3.53
2CI2I,51,L,I,6.25,0.64
2CI2I,51,L,V,6.27,0.67
2CI2I,51,L,A,6.27,2.16
2CI2I,79,V,T,6.3,0.38
2CI2I,79,V,A,6.3,1.51
2CI2I,79,V,G,6.3,3.24
2CI2I,67,R,A,5.6,1.21
2CI2I,75,N,A,6.25,1.03
2CI2I,75,N,D,6.25,1.36
2CI2I,77,A,G,6.3,1.88
2CI2I,38,V,A,5.73,0.31
2CI2I,22,T,V,6.3,0.32
2CI2I,22,T,A,6.3,0.85
2CI2I,22,T,G,6.3,1.16
2CI2I,55,T,S,6.25,0.5
2CI2I,55,T,A,6.25,0.6
2CI2I,55,T,V,6.25,1.17
2CI2I,71,D,A,6.25,3.28
2CI2I,42,D,A,6.25,1.01
2CI2I,57,V,A,6.25,1.07
2CI2I,25,P,A,6.25,-0.92
2CI2I,49,I,V,6.3,-0.08
2CI2I,49,I,T,6.3,1.34
2CI2I,49,I,A,6.3,2.12
2CI2I,49,I,G,6.3,3.52
2CI2I,53,V,A,6.3,0.64
2CI2I,53,V,T,6.3,1.03
2CI2I,53,V,G,6.3,2.43
2CI2I,40,L,A,6.25,1.27
2CI2I,40,L,G,6.25,1.74
2CI2I,30,K,A,6.25,0.39
2CI2I,21,K,M,6.25,0.7
2CI2I,21,K,A,6.25,0.8
2CI2I,52,P,A,6.25,0.38
2CI2I,26,E,Q,6.25,0.6
2CI2I,26,E,A,6.25,0.75
2CI2I,34,E,D,6.25,0.19
2CI2I,34,E,N,6.25,0.58
2CI2I,34,E,Q,6.25,0.58
2CI2I,36,K,A,6.27,0.7
2CI2I,36,K,G,6.25,2.17
2CI2I,60,E,A,6.28,0.89
2CI2I,45,E,A,5.74,-0.01
2CI2I,33,E,Q,6.25,0.35
2CI2I,33,E,N,6.27,0.56
2CI2I,33,E,D,6.25,0.65
2CI2I,58,T,D,6.3,0
2CI2I,58,T,A,6.3,0.69
2CI2I,44,P,A,5.74,-0.05
2CI2I,62,R,A,6.25,0.8
2CI2I,37,K,A,6.27,0.18
2CI2I,37,K,G,6.27,1.18
2CI2I,41,Q,A,6.25,0.28
2CI2I,41,Q,G,6.25,0.76
2CI2I,56,I,A,6.25,0.66
2CI2I,72,K,N,6.25,0.6
2CRKA,122,D,N,8,1.2
2CRKA,122,D,A,8,2
2HMBA,40,T,V,8,1.84
2HMBA,40,T,E,8,3.27
2HMBA,40,T,Q,8,4.37
2HMBA,128,Y,F,8,3.82
2HMBA,126,R,Q,8,0.62
2HMBA,126,R,K,8,4.66
2HMBA,106,R,T,8,3.54
2HMBA,16,F,Y,8,3.44
2HMBA,57,F,S,8,3.63
2HPRA,46,S,D,7,-0.74
2IFBA,89,L,C,8.4,1.03
2IFBA,104,A,C,8.4,-2.13
2IFBA,53,S,C,8.4,-0.94
2IFBA,60,V,C,8.4,-0.72
2IFBA,60,V,N,7,0.76
2IFBA,23,I,C,8.4,-1.3
2IFBA,72,L,C,8.4,0.13
2IFBA,64,L,A,7.4,2.07
2IFBA,64,L,G,7.4,2.63
2IFBA,65,G,A,7.4,1.33
2IMMA,90,N,Q,7.4,-1.05
2IMMA,21,M,I,7.4,-0.24
2IMMA,21,M,L,7.4,0.31
2IMMA,32,F,Y,7.4,-0.38
2IMMA,106,L,I,7.4,-0.36
2IMMA,15,A,L,7.4,-1.36
2IMMA,63,T,S,7.4,-0.29
2IMMA,79,Q,E,7.4,0.41
2IMMA,100,A,G,7.4,-0.02
2IMMA,43,P,S,7.4,0.17
2IMMA,24,K,R,7.4,0.17
2LZMA,152,T,V,5.4,-0.2
2LZMA,99,L,F,4.36,0.33
2LZMA,152,T,I,5.4,0.4
2LZMA,152,T,C,5.4,0.5
2LZMA,99,L,M,4.71,0.54
2LZMA,129,A,V,2.4,0.74
2LZMA,111,V,I,4.36,0.79
2LZMA,78,I,V,5.35,0.8
2LZMA,111,V,A,4.18,1.17
2LZMA,129,A,L,5.4,1.3
2LZMA,99,L,I,4.36,1.47
2LZMA,78,I,M,5.42,1.5
2LZMA,152,T,A,5.4,1.5
2LZMA,78,I,A,3,1.6
2LZMA,111,V,F,4.36,1.6
2LZMA,84,L,M,5.42,1.9
2LZMA,129,A,M,5.4,1.9
2LZMA,6,M,A,3,1.9
2LZMA,99,L,V,4.36,2.1
2LZMA,146,A,T,5.5,2.19
2LZMA,46,L,A,4.54,2.2
2LZMA,152,T,S,4.2,2.21
2LZMA,42,A,S,3,2.3
2LZMA,98,A,S,3,2.5
2LZMA,7,L,A,5,3.64
2LZMA,6,M,L,3,2.8
2LZMA,27,I,A,5,3.14
2LZMA,6,M,I,6.5,3.1
2LZMA,42,A,G,6,3.2
2LZMA,42,A,K,5.45,3.7
2LZMA,98,A,T,7,3.83
2LZMA,84,L,A,3,3.9
2LZMA,146,A,I,7,4.31
2LZMA,146,A,V,7,4.31
2LZMA,99,L,A,4.02,4.53
2LZMA,98,A,V,5,4.98
2LZMA,99,L,G,4.2,6.69
2LZMA,153,F,L,4.7,-0.3
2LZMA,149,V,I,5.38,0.05
2LZMA,153,F,I,4.36,0.3
2LZMA,153,F,M,4.71,0.64
2LZMA,153,F,V,4.36,1.8
2LZMA,149,V,C,4.2,2.07
2LZMA,149,V,T,4.2,2.93
2LZMA,149,V,A,5.13,3.02
2LZMA,153,F,C,7,3.11
2LZMA,153,F,A,4.28,3.57
2LZMA,149,V,S,5.4,4.4
2LZMA,149,V,G,5.4,4.9
2LZMA,121,L,M,5.42,0.8
2LZMA,101,N,A,5.4,1.5
2LZMA,28,G,A,3.02,2
2LZMA,121,L,A,4.36,3.1
2LZMA,102,M,L,4.69,0.87
2LZMA,102,M,K,6.23,5.98
2LZMA,133,L,F,3.4,0.28
2LZMA,133,L,M,5.42,0.4
2LZMA,133,L,A,2.52,4.26
2LZMA,133,L,D,4.63,5.46
2LZMA,117,S,V,5.4,-2
2LZMA,117,S,I,5.4,-1.7
2LZMA,117,S,A,3.01,-1.27
2LZMA,117,S,F,4.6,-1.17
2LZMA,66,L,A,3,3.9
2LZMA,66,L,P,7,12.23
2LZMA,87,V,I,5.35,0.3
2LZMA,87,V,T,3,1.6
2LZMA,87,V,A,4.5,2.43
2LZMA,54,C,T,6.25,-0.81
2LZMA,54,C,V,6.5,0.7
2LZMA,54,C,Y,7,5.02
2LZMA,77,G,A,4.8,0.16
2LZMA,29,I,A,3,2.6
2LZMA,58,I,Y,7,3.11
2LZMA,58,I,A,3,3.2
2LZMA,58,I,T,5.4,3.4
2LZMA,91,L,M,5.42,0.8
2LZMA,91,L,A,3,3.1
2LZMA,91,L,P,7,9.65
2LZMA,26,T,S,5.4,-0.57
2LZMA,71,V,A,3,1.5
2LZMA,103,V,I,5.35,0.5
2LZMA,130,A,S,3,1
2LZMA,103,V,M,5.42,1.2
2LZMA,103,V,A,5,2
2LZMA,130,A,G,6,2.1
2LZMA,74,A,P,4.88,4.85
2LZMA,100,I,V,5.35,0.4
2LZMA,100,I,M,5.42,1.6
2LZMA,100,I,A,3,3.4
2LZMA,118,L,M,5.42,0.7
2LZMA,118,L,I,5.35,1.2
2LZMA,118,L,A,3.01,3.5
2LZMA,150,I,V,6,2.1
2LZMA,67,F,A,3,1.9
2LZMA,138,W,Y,7,2.87
2LZMA,160,A,T,6.5,3.12
2LZMA,33,L,A,3,3.6
2LZMA,30,G,A,5.4,-0.1
2LZMA,30,G,F,5.4,1.5
2LZMA,156,G,D,5.17,2.92
2LZMA,3,I,L,3.49,-0.75
2LZMA,3,I,C,4.25,-0.07
2LZMA,3,I,V,4.25,0.45
2LZMA,3,I,M,4.25,0.76
2LZMA,3,I,A,4.25,0.79
2LZMA,3,I,F,3.2,1.03
2LZMA,3,I,E,3.2,1.73
2LZMA,3,I,S,4.25,1.75
2LZMA,3,I,G,4.25,2.03
2LZMA,3,I,T,3.2,2.15
2LZMA,3,I,Y,4.25,2.39
2LZMA,3,I,P,2.5,2.79
2LZMA,3,I,W,6.5,2.8
2LZMA,3,I,D,4.25,2.87
2LZMA,17,I,A,3,2.7
2LZMA,25,Y,G,7,4.55
2LZMA,134,A,S,3,0.1
2LZMA,104,F,A,3,3.1
2LZMA,151,T,S,5.4,-0.39
2LZMA,94,V,A,3,1.8
2LZMA,11,E,F,5.4,-1.7
2LZMA,11,E,M,5.4,-1.6
2LZMA,11,E,A,5.4,-1.1
2LZMA,120,M,L,3,-0.5
2LZMA,11,E,H,5.4,-0.1
2LZMA,120,M,Y,5.35,0.1
2LZMA,11,E,N,5.4,0.1
2LZMA,120,M,A,3.01,0.2
2LZMA,120,M,K,3,1.6
2LZMA,50,I,A,4.5,2.6
2LZMA,31,H,N,5.5,4
2LZMA,47,D,A,4.85,0.74
2LZMA,75,V,T,3,1.3
2LZMA,90,S,H,4.67,1.09
2LZMA,41,A,V,3.32,-0.38
2LZMA,41,A,D,5.4,-0.29
2LZMA,41,A,S,3,0.6
2LZMA,132,N,M,5.4,-1.5
2LZMA,132,N,F,5.4,-1.3
2LZMA,132,N,I,5.4,-1.2
2LZMA,20,D,N,5.4,-1.3
2LZMA,20,D,T,5.4,-0.9
2LZMA,20,D,S,5.4,-0.7
2LZMA,20,D,A,5.4,0.3
2LZMA,126,W,R,7,5.74
2LZMA,49,A,S,3,0.5
2LZMA,43,K,A,5.05,1.04
2LZMA,108,E,V,3.81,-1.01
2LZMA,73,A,S,3,0.4
2LZMA,38,S,D,4.86,-0.02
2LZMA,38,S,N,4.35,0.02
2LZMA,38,S,A,3,0.77
2LZMA,45,E,A,4.85,-0.18
2LZMA,106,M,L,3,-0.5
2LZMA,106,M,I,5.35,-0.2
2LZMA,106,M,A,3,2.3
2LZMA,106,M,K,3,3.4
2LZMA,157,T,R,2.38,0.57
2LZMA,157,T,S,2,0.66
2LZMA,157,T,A,2.38,0.92
2LZMA,157,T,N,2.38,0.97
2LZMA,157,T,G,2,1.1
2LZMA,157,T,E,2.38,1.23
2LZMA,157,T,C,2,1.3
2LZMA,157,T,V,2.38,1.49
2LZMA,157,T,L,2.38,1.62
2LZMA,157,T,I,3.25,1.79
2LZMA,157,T,D,4.5,2.07
2LZMA,157,T,H,2,2.1
2LZMA,157,T,F,4.5,3.66
2LZMA,113,G,A,3.2,-0.38
2LZMA,113,G,E,5.4,-0.3
2LZMA,105,Q,A,3.95,0.68
2LZMA,105,Q,E,3.95,0.94
2LZMA,105,Q,M,5.4,1.2
2LZMA,105,Q,G,4.97,2.24
2LZMA,86,P,G,7,1.91
2LZMA,92,D,N,4.35,1.1
2LZMA,51,G,D,7,2.63
2LZMA,44,S,L,3.01,-0.39
2LZMA,44,S,M,3.01,-0.33
2LZMA,44,S,I,3.01,-0.31
2LZMA,44,S,Q,3.01,-0.27
2LZMA,44,S,A,3.8,-0.25
2LZMA,44,S,R,3.01,-0.24
2LZMA,44,S,K,3.01,-0.2
2LZMA,44,S,Y,3.01,-0.19
2LZMA,44,S,V,3.01,-0.1
2LZMA,44,S,F,3.01,-0.06
2LZMA,44,S,W,3.01,-0.05
2LZMA,44,S,H,3.01,-0.04
2LZMA,44,S,T,3.01,-0.01
2LZMA,44,S,E,3.01,0
2LZMA,44,S,C,3.01,0.11
2LZMA,44,S,D,3.01,0.11
2LZMA,44,S,N,3.01,0.14
2LZMA,44,S,G,3.01,0.53
2LZMA,44,S,P,3.01,3.03
2LZMA,72,D,P,4.25,2.68
2LZMA,96,R,K,4.2,0
2LZMA,96,R,Q,4.2,0.3
2LZMA,96,R,A,4.2,2
2LZMA,96,R,V,4.2,2.4
2LZMA,96,R,E,4.2,2.5
2LZMA,96,R,G,4.2,2.6
2LZMA,96,R,S,4.2,2.6
2LZMA,96,R,M,4.2,2.7
2LZMA,96,R,T,4.2,2.8
2LZMA,96,R,H,5.23,2.9
2LZMA,96,R,C,4.2,2.9
2LZMA,96,R,I,4.2,2.9
2LZMA,96,R,N,4.2,3
2LZMA,96,R,L,4.2,3.2
2LZMA,96,R,D,4.2,3.5
2LZMA,96,R,F,4.2,4.2
2LZMA,96,R,W,4.2,4.5
2LZMA,96,R,Y,4.2,4.7
2LZMA,96,R,P,4.2,5.5
2LZMA,89,D,A,4.2,0.5
2LZMA,59,T,S,4.25,0.32
2LZMA,59,T,N,4.25,0.98
2LZMA,59,T,D,4.25,1.13
2LZMA,59,T,G,4.25,1.74
2LZMA,59,T,A,4.25,1.81
2LZMA,59,T,V,4.25,1.81
2LZMA,122,Q,A,3.01,0.24
2LZMA,93,A,P,3.2,-0.34
2LZMA,93,A,T,5.4,-0.06
2LZMA,93,A,S,3,0.2
2LZMA,116,N,D,4.03,-0.46
2LZMA,116,N,A,3.01,-0.17
2LZMA,68,N,A,2.5,0.05
2LZMA,154,R,E,4.05,0.65
2LZMA,39,L,A,5.45,0.9
2LZMA,22,E,K,5.4,-0.57
2LZMA,85,K,A,4.2,0.6
2LZMA,128,E,A,2.01,-0.16
2LZMA,128,E,K,3,1.16
2LZMA,115,T,E,4.21,-0.03
2LZMA,115,T,A,3.01,0.14
2LZMA,69,Q,P,4.25,2.99
2LZMA,82,A,P,3.99,-0.42
2LZMA,82,A,S,3,0.3
2LZMA,147,K,E,4.05,0.42
2LZMA,123,Q,E,4.67,-0.27
2LZMA,123,Q,A,3.01,0.22
2LZMA,144,N,E,4.67,-0.46
2LZMA,144,N,D,4.33,-0.39
2LZMA,144,N,H,4.35,-0.09
2LZMA,131,V,A,2.9,-0.3
2LZMA,131,V,E,3.01,-0.2
2LZMA,131,V,I,3.01,-0.16
2LZMA,131,V,M,3.01,-0.12
2LZMA,131,V,L,3.01,-0.09
2LZMA,131,V,D,3.01,-0.08
2LZMA,131,V,S,3.01,0.05
2LZMA,131,V,T,2.62,0.09
2LZMA,131,V,G,3.01,0.68
2LZMA,124,K,G,4.25,0.08
2LZMA,60,K,H,4.25,0.26
2LZMA,60,K,P,4.25,-0.02
2LZMA,40,N,D,5.4,-0.44
2LZMA,40,N,A,5.05,-0.3
2LZMA,119,R,M,3.85,0
2LZMA,55,N,G,4.25,0.58
2LZMA,119,R,A,3.01,0.18
2LZMA,119,R,H,5.4,0.29
2LZMA,109,T,D,4.35,-0.39
2LZMA,109,T,N,4.35,-0.08
2LZMA,163,N,D,5.4,0.21
2LZMA,14,R,K,5.4,0.03
2LZMA,16,K,E,4.05,-0.15
2LZMA,83,K,H,4.25,0.42
2LZMA,37,P,A,7,0
2LZMA,135,K,E,4.05,0.72
2LZMA,48,K,A,4.85,0.49
2LZMA,80,R,K,5.4,0.17
2LZMA,119,R,E,4.47,0.06
2Q98A,138,H,A,6.8,-1.29
2Q98A,173,H,A,6.8,0.06
2Q98A,30,H,A,6.8,-2.56
2Q98A,59,H,A,6.8,-1.08
2Q98A,97,H,A,6.8,-0.69
2Q98A,195,H,A,6.8,-0.05
2Q98A,180,H,A,6.8,-0.65
2Q98A,27,H,A,6.8,-0.71
2Q98A,46,H,A,6.8,-0.75
2RN2A,24,A,V,4.25,-0.83
2RN2A,23,G,A,4.25,-0.57
2RN2A,53,I,V,5.5,0.2
2RN2A,77,G,A,3,0.9
2RN2A,53,I,L,5.5,1.4
2RN2A,53,I,A,5.5,2.1
2RN2A,53,I,D,5.5,3.1
2RN2A,53,I,F,5.5,3.9
2RN2A,52,A,I,3.2,-1.9
2RN2A,52,A,V,3.1,-1.7
2RN2A,52,A,L,3.2,-1.3
2RN2A,52,A,C,3.2,-0.8
2RN2A,52,A,F,3.2,-0.5
2RN2A,52,A,M,3.2,-0.5
2RN2A,52,A,T,3.2,0.8
2RN2A,52,A,Q,3.2,1.2
2RN2A,52,A,E,3.2,1.5
2RN2A,52,A,P,3.2,1.6
2RN2A,52,A,S,3.2,1.8
2RN2A,52,A,N,3.2,1.8
2RN2A,52,A,D,3.2,1.9
2RN2A,52,A,Y,3.2,2.3
2RN2A,52,A,G,3.2,2.7
2RN2A,52,A,H,3.2,3.6
2RN2A,52,A,K,3.2,5.9
2RN2A,74,V,L,4.25,-0.97
2RN2A,74,V,I,4.25,-0.64
2RN2A,74,V,A,4.25,2.98
2RN2A,68,S,V,4.25,-1.05
2RN2A,68,S,T,4.25,0.01
2RN2A,68,S,A,4.25,0.05
2RN2A,68,S,L,4.25,0.82
2RN2A,68,S,G,4.25,2.27
2RN2A,10,D,A,5.83,-3.36
2RN2A,10,D,S,6,-1.95
2RN2A,10,D,H,6,-1.65
2RN2A,10,D,E,6,-1.04
2RN2A,10,D,N,6,-0.99
2RN2A,48,E,Q,6,-0.15
2RN2A,48,E,D,6,0.05
2RN2A,48,E,A,6,0.23
2RN2A,114,H,A,5.5,2.63
2RN2A,134,D,H,4.25,-1.42
2RN2A,134,D,A,5.13,-1.42
2RN2A,134,D,L,4.25,-1.38
2RN2A,134,D,I,4.25,-1.07
2RN2A,134,D,Q,4.25,-1.02
2RN2A,134,D,V,4.25,-0.83
2RN2A,134,D,E,4.25,-0.81
2RN2A,134,D,N,5.13,-0.81
2RN2A,134,D,S,4.25,-0.79
2RN2A,134,D,T,4.25,-0.74
2RN2A,70,D,N,6,-0.89
2RN2A,70,D,A,6,-0.65
2RN2A,70,D,E,6,-0.25
2RN2A,119,E,V,4.25,-0.51
2RN2A,76,Q,L,3,-0.24
2RN2A,27,R,A,5.5,2.2
2RN2A,125,A,T,4.25,-0.04
2RN2A,127,H,A,6.4,0.38
2RN2A,105,Q,G,5.5,2.2
2RN2A,91,K,R,4.25,-0.07
2RN2A,113,Q,P,4.25,0.46
2RN2A,94,D,E,4.25,0.4
2RN2A,135,E,K,4.25,0.53
2RN2A,80,Q,L,3,-0.3
2RN2A,41,R,C,4.25,-0.33
2RN2A,117,K,R,4.25,0
2RN2A,83,H,A,6.4,-0.04
2RN2A,62,H,P,4.43,-1.01
2RN2A,62,H,A,6.4,-0.44
2RN2A,62,H,R,4.25,-0.22
2RN2A,62,H,D,4.25,-0.13
2RN2A,95,K,G,4.25,-1.83
2RN2A,95,K,N,4.25,-0.89
2RN2A,95,K,A,4.25,-0.1
2RN2A,124,H,A,6.4,-0.23
2TRXA,76,P,A,7,3.9
2TRXA,78,L,K,7,3.9
2TRXA,78,L,R,7,4
2TRXA,26,D,A,7.75,-4.2
2TRXA,34,P,S,7,0.1
2WSYA,18,A,V,7.8,1.1
2WSYA,18,A,G,7.8,2.8
2WSYA,209,L,V,7.8,3.2
2WSYA,232,I,V,7.8,3.3
2WSYA,22,F,L,7.8,1.05
2WSYA,22,F,V,7.8,3.44
2WSYA,22,F,I,7.8,4.58
2WSYA,175,Y,Q,7.8,1.65
2ZTAA,22,E,Q,7,1.83
2ZTAA,20,E,Q,7,-0.2
2ZTAA,11,E,Q,7,0.74
2ZTAA,8,K,A,7,0.39
2ZTAA,15,K,A,7,0.41
2ZTAA,25,R,A,7,1.66
2ZTAA,27,K,A,7,0.91
2ZTAA,28,K,A,7,0.06
3BLSA,150,Y,F,6.8,0.85
3D2AA,163,S,P,7.2,0.25
3D2AA,137,M,P,7.2,-0.98
3D2AA,134,M,E,7.2,-0.66
3HHRA,71,S,T,8,0.2
3HHRA,71,S,A,8,1.12
3HHRA,71,S,V,8,1.26
3HHRA,71,S,Q,8,1.37
3HHRA,74,E,Q,8,0.71
3HHRA,74,E,A,8,0.95
3HHRA,74,E,S,8,1.01
3HHRA,74,E,L,8,1.02
3HHRA,74,E,T,8,1.14
3HHRA,74,E,D,8,1.27
3MBPA,59,I,A,8,1.2
3MBPA,192,L,A,8,3.1
3MBPA,115,L,A,8,3.1
3MBPA,195,L,A,8,4.2
3MBPA,347,V,A,8,2
3MBPA,159,P,A,7.15,0.92
3MBPA,159,P,S,7.15,1.53
3MBPA,361,L,A,8,2
3MBPA,161,I,A,8,3.03
3MBPA,108,I,A,8,2.23
3MBPA,147,L,A,8,3
3MBPA,226,I,A,8,3.47
3MBPA,19,G,C,7.6,2.3
3MBPA,48,P,A,7.4,-0.5
3MBPA,48,P,S,7.15,0.03
3MBPA,10,W,A,7.6,4.3
3MBPA,133,P,A,7.4,0.3
3MBPA,133,P,S,7.15,0.63
3MBPA,8,V,G,7.6,1.1
3MBPA,55,D,N,7.6,0
3MBPA,276,A,G,7.6,1.69
3MBPA,283,Y,D,7.6,3.2
3MBPA,345,T,I,7.6,-0.7
3PGKA,388,H,Q,6.5,0.84
3PGKA,194,F,W,7.5,3.72
3PGKA,333,W,F,7.5,2.16
3PGKA,399,L,W,7.5,5.99
3PGKA,48,Y,W,7.5,3.62
3PGKA,122,Y,W,7.5,4.21
3PGKA,308,W,Y,7.5,3.6
3PGKA,308,W,F,7.5,3.67
3SSIA,103,M,L,6.57,-0.15
3SSIA,103,M,V,6.57,1.85
3SSIA,103,M,I,6.57,2.04
3SSIA,103,M,A,6.57,2.26
3SSIA,103,M,G,8.25,6.93
3SSIA,13,V,I,8.25,0.88
3SSIA,13,V,L,8.25,2.33
3SSIA,13,V,F,8.25,5.55
3SSIA,13,V,M,8.25,5.73
3SSIA,13,V,A,8.25,6.84
3SSIA,13,V,G,8.25,9.91
3SSIA,73,M,D,6.57,-1.38
3SSIA,73,M,E,6.57,-0.75
3SSIA,73,M,K,6.57,-0.46
3SSIA,73,M,A,6.57,-0.42
3SSIA,73,M,G,6.57,0.22
3SSIA,73,M,L,6.57,0.32
3SSIA,73,M,V,6.57,0.71
3SSIA,73,M,I,6.57,1
451CA,78,V,I,4.44,-0.92
451CA,70,E,Q,7,0.35
451CA,70,E,V,7,1.15
451CA,7,F,A,5,-1.1
451CA,34,F,Y,4.53,-1.26
451CA,77,W,F,7,1.2
451CA,13,V,M,5,-0.4
451CA,56,W,F,7,1.9
451CA,43,E,Y,4.53,-0.66
451CA,37,Q,R,5,-0.5
4BLMA,126,S,C,7,-2.7
4BLMA,265,S,C,7,2.4
4LYZA,31,A,L,6.4,-1.8
4LYZA,31,A,I,6.4,-1.4
4LYZA,31,A,V,6.4,-1.2
4LYZA,105,M,T,9.5,0.24
4LYZA,40,T,S,6.4,0.27
4LYZA,40,T,I,6.4,2.2
4LYZA,91,S,T,6.4,-0.99
4LYZA,91,S,V,6.4,0.08
4LYZA,91,S,A,6.4,0.15
4LYZA,91,S,D,6.4,2.31
4LYZA,91,S,Y,6.4,3.07
4LYZA,12,M,F,2.7,-0.28
4LYZA,12,M,L,2.7,0.57
4LYZA,55,I,L,6.4,0.45
4LYZA,55,I,V,6.4,0.91
4LYZA,55,I,M,6.4,2.27
4LYZA,55,I,F,6.4,2.46
4LYZA,55,I,T,5.7,4.23
4LYZA,55,I,A,6.4,4.4
4LYZA,94,C,A,9.5,4.78
4LYZA,108,W,Y,4.5,1.35
4LYZA,108,W,Q,4.5,3.63
4LYZA,3,F,Y,6.4,0.45
4LYZA,49,G,A,4.1,-0.21
4LYZA,49,G,N,9.5,0.96
4LYZA,35,E,A,4.5,-1.38
4LYZA,35,E,Q,4.5,0.1
4LYZA,35,E,H,4.5,2.14
4LYZA,71,G,A,2.7,0.38
4LYZA,15,H,L,6.4,-0.76
4LYZA,102,G,R,6.4,-0.38
4LYZA,102,G,A,2.7,-0.02
4LYZA,102,G,V,6.4,0.04
4LYZA,102,G,P,5.5,0.1
4LYZA,46,N,D,4.5,0.44
4LYZA,34,F,Y,6.4,-0.19
4LYZA,67,G,A,4.1,-0.26
4LYZA,13,K,D,9.5,6.69
4LYZA,118,T,P,5.5,2
4LYZA,117,G,A,2.7,1.46
4LYZA,101,D,S,6.4,-0.87
4LYZA,101,D,A,6.4,-0.76
4LYZA,101,D,F,6.4,-0.72
4LYZA,101,D,G,6.4,-0.45
4LYZA,101,D,R,6.4,-0.27
4LYZA,101,D,K,6.4,-0.19
4LYZA,101,D,N,6.4,-0.04
4LYZA,101,D,E,6.4,0
4LYZA,101,D,Q,6.4,0.08
4LYZA,19,N,K,6.4,1.06
4LYZA,103,N,D,9.5,-0.24
4LYZA,101,D,P,5.5,2.4
4LYZA,121,Q,H,6.4,0.45
4LYZA,68,R,K,6.4,0.04
4LYZA,77,N,H,6.4,0.38
4LYZA,70,P,N,9.5,2.15
4LYZA,114,R,H,6.4,-0.68
4LYZA,21,R,Q,6.4,0.15
4LYZA,73,R,K,6.4,-0.23
5AZUA,112,C,S,7.5,-1.54
5AZUA,50,L,V,7,0.3
5AZUA,31,V,A,7,1.67
5AZUA,50,L,A,7,1.79
5AZUA,50,L,T,7,2.25
5AZUA,31,V,T,7,2.57
5AZUA,48,W,A,7,3.35
5AZUA,110,F,S,7.3,4.58
5AZUA,110,F,A,7,5.02
5AZUA,33,L,A,7,1.67
5AZUA,22,V,A,7,1.51
5AZUA,22,V,T,7,2.63
5AZUA,121,M,A,7,2.87
5AZUA,7,I,A,7,3.23
5AZUA,7,I,S,7.3,3.9
5AZUA,125,L,A,7,1.2
5AZUA,108,Y,A,7,3.59
5AZUA,20,I,V,7,0.19
5AZUA,20,I,A,7,1.83
5AZUA,20,I,T,7,2.15
5AZUA,82,A,G,7,2.39
5AZUA,97,F,A,7,2.63
5AZUA,60,V,G,7,3.11
5AZUA,95,V,T,7,-0.42
5AZUA,95,V,A,7,0.96
5AZUA,5,V,A,7,0.48
5AZUA,81,I,V,7,0.16
5AZUA,81,I,A,7,2.07
5AZUA,81,I,T,7,2.93
5CROA,16,Q,L,3,-2.8
5CROA,36,A,S,3,-0.4
5CROA,26,Y,D,7,-2.7
5CROA,26,Y,C,5,-2.2
5CROA,26,Y,H,7,-1.9
5CROA,26,Y,Q,7,-1.4
5CROA,26,Y,L,7,-1.1
5CROA,26,Y,V,7,-0.9
5CROA,26,Y,F,7,-0.4
5CROA,26,Y,W,7,0.1
